#This is the Data for the Location Table

INSERT INTO Location VALUES (2,'Pallet Town','Urban');

INSERT INTO Location VALUES (3,'Route 1','Grassland');

INSERT INTO Location VALUES (4,'Viridian City','Urban');

INSERT INTO Location VALUES (5,'Route 2','Grassland');

INSERT INTO Location VALUES (6,'Viridian Forest','Forest');

INSERT INTO Location VALUES (7,'Pewter City','Urban');

INSERT INTO Location VALUES (8,'Route 3','Grassland');

INSERT INTO Location VALUES (9,'Mt. Moon','Rock');

INSERT INTO Location VALUES (10,'Route 4','Grassland');

INSERT INTO Location VALUES (11,'Cerulean City','Urban');

INSERT INTO Location VALUES (12,'Route 24','Grassland');

INSERT INTO Location VALUES (13,'Route 25','Grassland');

INSERT INTO Location VALUES (14,'Bills House','Building');

INSERT INTO Location VALUES (15,'Route 5','Grassland');

INSERT INTO Location VALUES (16,'Vermillion City','Urban');

INSERT INTO Location VALUES (17,'S.S Anne','Building');

INSERT INTO Location VALUES (18,'Route 6','Grassland');

INSERT INTO Location VALUES (19,'Saffron City','Urban');

INSERT INTO Location VALUES (20,'Silph Co.','Building');

INSERT INTO Location VALUES (21,'Route 9','Grassland');

INSERT INTO Location VALUES (22,'Rock Tunnel','Rock');

INSERT INTO Location VALUES (23,'Route 10','Grassland');

INSERT INTO Location VALUES (24,'Lavender Town','Urban');

INSERT INTO Location VALUES (25,'Pokemon Tower','Building');

INSERT INTO Location VALUES (26,'Route 11','Grassland');

INSERT INTO Location VALUES (27,'Route 12','Grassland');

INSERT INTO Location VALUES (28,'Route 13','Grassland');

INSERT INTO Location VALUES (29,'Route 14','Grassland');

INSERT INTO Location VALUES (30,'Route 15','Grassland');

INSERT INTO Location VALUES (31,'Fuchsia City','Urban');

INSERT INTO Location VALUES (33,'Route 18','Grassland');

INSERT INTO Location VALUES (34,'Route 19','Grassland');

INSERT INTO Location VALUES (35,'Route 20','Water');

INSERT INTO Location VALUES (36,'Seafoam Islands','Ice');

INSERT INTO Location VALUES (37,'Cinnabar Island','Urban');

INSERT INTO Location VALUES (38,'Pokemon Lab','Building');

INSERT INTO Location VALUES (39,'Pokemon Mansion','Building');

INSERT INTO Location VALUES (40,'Route 21','Water');

INSERT INTO Location VALUES (41,'Route 22','Grassland');

INSERT INTO Location VALUES (42,'Route 23','Grassland');

INSERT INTO Location VALUES (43,'Victory Road','Building');

INSERT INTO Location VALUES (44,'Indigo Platuea','Building');

INSERT INTO Location VALUES (45,'Power Plant','Building');

INSERT INTO Location VALUES (46,'Cerulean Cave','Rock');

INSERT INTO Location VALUES (47,'Celadon City','Urban');

INSERT INTO Location VALUES (48,'Route 8','TBD');

INSERT INTO Location VALUES (49,'Team Rocket Hideout','Building');

INSERT INTO Location VALUES (50,'Route 16','TBD');

INSERT INTO Location VALUES (51,'Route 17','TBD');

INSERT INTO Location VALUES (52,'Fighting Dojo','Building');

# This is the Data that must be entered into the Pokemon Table

SELECT * FROM Pokemon;

INSERT INTO Pokemon VALUES (1,'Bulbasaur','Grass','Fire, Flying, Ice, Psychic','A Pokemon with a seed growing off its back');

INSERT INTO Pokemon VALUES (2,'Ivysaur','Grass, Poison','Fire, Flying, Ice, Psychic','The evolved version of Bulbasaur');

INSERT INTO Pokemon VALUES (3,'Venasaur','Grass, Poison','Fire, Flying, Ice, Psychic','The fully evolved form of Bulbasaur, capable of a powerful Solar Ray attack');

INSERT INTO Pokemon VALUES (4,'Charmander','Fire','Ground, Rock, Water','A fire pokemon. If the fire goes out on the end of its tail, it will die');

INSERT INTO POKEMON VALUES (5,'Charmeleon','Fire','Ground, Rock, Water','The evolved version of Charmander');

INSERT INTO Pokemon VALUES (6,'Charizard','Fire, Flying','Rock, Electric, Water','The fully evolved form of Charmander');

INSERT INTO Pokemon VALUES (7,'Squirtle','Water','Electric, Grass','This Pokemon is capable of swimming at high speeds');

INSERT INTO Pokemon VALUES (8,'Wartortle','Water','Electric, Grass','This Pokemons tail becomes darker as it grows older');

INSERT INTO Pokemon VALUES (9,'Blastoise','Water','Electric, Grass','This Pokemon has powerful cannons that can shoot water at high volumes');

INSERT INTO Pokemon VALUES (10,'Caterpie','Bug','Fire, Flying, Rock','A small caterpilar like Pokemon');

INSERT INTO Pokemon VALUES (11,'Metapod','Bug','Fire, Flying, Rock','A cocoon like Pokemon capable of hardening its skin');

INSERT INTO Pokemon VALUES (12,'Butterfree','Bug, Flying','Rock, Electric, Fire, Flying, Ice','A butterfly like Pokemon capable of releasing varying types of spores');

INSERT INTO Pokemon VALUES (13,'Weedle','Bug, Poison','Fire, Flying, Psychic, Rock','A small brown caterpillar with A strong sense of smell');

INSERT INTO Pokemon VALUES (14,'Kakuna','Bug, Poison','Fire, Flying, Psychic, Rock','A cocoon like Pokemon');

INSERT INTO Pokemon VALUES (15,'Beedrill','Bug, Poison','Fire, Flying, Rock, Psychic','An extremely territorial Hornet like Pokemon');

INSERT INTO Pokemon VALUES (16,'Pidgey','Normal, Flying','Electric, Ice, Rock','Flying Rats of the Pokemon World');

INSERT INTO Pokemon VALUES (17,'Pidgeotto','Normal, Flying','Electric, Ice, Rock','A faster evolution of Pidgey');

INSERT INTO Pokemon VALUES (18,'Pidgeot','Normal, Flying','Electric, Ice, Rock','A large Falcon like Pokemon with many Glistening Feathers');

INSERT INTO Pokemon VALUES (19,'Rattata','Normal','Fighting','A small rodent Pokemon that nests anywhere');

INSERT INTO Pokemon VALUES (20,'Raticate','Normal','Fighting','A larger rat like Pokemon');

INSERT INTO Pokemon VALUES (21,'Spearow','Normal, Flying','Electric, Ice, Rock','A Pokemon that makes a loud screeching sound');

INSERT INTO Pokemon VALUES (22,'Fearow','Normal, Flying','Electric, Ice, Rock','A swift Bird pokemon with a long neck and beak');

INSERT INTO Pokemon VALUES (23,'Ekans','Poison','Ground, Psychic','A snake Pokemon capable of a swift defense');

INSERT INTO Pokemon VALUES (24,'Arbok','Poison','Ground, Psychic','A Pokemon with a tight wrap');

INSERT INTO Pokemon VALUES (25,'Pikachu','Electric','Pikachu','A small electric mouse Pokemon');

INSERT INTO Pokemon VALUES (26,'Raichu','Electric','Ground','An evolved version of Pikachu using a Thunder Stone');

INSERT INTO Pokemon VALUES (27,'Sandshrew','Ground','Grass, Ice, Water','This Pokemon can curl itself for protection');

INSERT INTO Pokemon VALUES (28,'Sandslash','Ground','Grass, Ice, Water',' A tough pokemon with many spikes on its back');

INSERT INTO Pokemon VALUES (29,'Nidoran','Poison','Ground, Psychic','A Pokemon that can release toxins');

INSERT INTO Pokemon VALUES (30,'Nidorina','Poison','Ground, Psychic','A more evolved version of Nidoran');

INSERT INTO Pokemon VALUES (31,'Nidoqueen','Poison, Ground','Ground, Ice, Psychic, Water','A Pokemon that will defend its Young to the death');

INSERT INTO Pokemon VALUES (32,'Nidoran','Poison','Ground, Psychic','A male version of the Nidoran species');

INSERT INTO Pokemon VALUES (33,'Nidorino','Poison','Ground, Psychic','A Pokemon with a very large, sharp horn');

INSERT INTO Pokemon VALUES (34,'Nidoking','Poison','Ground, Psychic, Ice, Water','The fully evolved version of Nidoran, watch out for its Earthquake');

INSERT INTO Pokemon VALUES (35,'Clefairy','Fairy','Steel, Poison','A Pokemon that is not from this planet');

INSERT INTO Pokemon VALUES (36,'Clefable','Fairy','Steel, Poison','The evolved form of Clefairy');

INSERT INTO Pokemon VALUES (37,'Vulpix','Fire','Ground, Rock, Water','A small fox like Pokemon that spits fire');

INSERT INTO Pokemon VALUES (38,'Ninetails','Fire','Ground, Rock, Water','A Pokemon that is said to live for a thousand years');

INSERT INTO Pokemon VALUES (39,'Jigglypuff','Normal, Fairy','Steel, Poison','A Pokemon whose singing puts its audience to sleep');

INSERT INTO Pokemon VALUES (40,'Wigglytuff','Normal, Fairy','Steel, Poison','A Pokemon with large eyes');

INSERT INTO Pokemon VALUES (41,'Zubat','Poison, Flying','Electric, Ice, Psychic, Rock','A small Bat Pokemon frequently found in caves');

INSERT INTO Pokemon VALUES (42,'Golbat','Poison, Flying','Electric, Ice, Psychic, Rock','A vampire bat Pokemon');

INSERT INTO Pokemon VALUES (43,'Oddish','Grass, Poison','Fire, Flying, Ice, Psychic','Oddish buries itself to get nutrients');

INSERT INTO Pokemon VALUES (44,'Gloom','Grass, Poison','Fire, Flying, Ice, Psychic','If this Pokemon is calm, it smells nice');

INSERT INTO Pokemon VALUES (45,'Vileplume','Grass, Poison','Fire, Flying, Ice, Psychic','Evolved from Gloom using a Leaf Stone');

INSERT INTO Pokemon VALUES (46,'Paras','Bug, Grass','Fire, Flying, Bug, Ice, Poison, Rock','A small bug like Pokemon with parasitic growths on its back');

INSERT INTO Pokemon VALUES (47,'Parasect','Bug, Grass','Fire, Flying, Bug, Ice, Poison, Rock','A Pokemon that infests large trees');

INSERT INTO Pokemon VALUES (48,'Venonat','Bug, Poison','Fire, Flying, Rock, Psychic','A Pokemon with large eyes useful for spotting prey');

INSERT INTO Pokemon VALUES (49,'Venomoth','Bug, Poison','Fire, Flying, Psychic, Rock','A nocturnal Pokemon');

INSERT INTO Pokemon VALUES (50,'Diglett','Ground','Grass, Ice, Water','A Pokemon that is useful for farming');

INSERT INTO Pokemon VALUES (51,'Dugtrio','Ground','Grass, Ice, Water','A Pokemon that burrows endlessly');

INSERT INTO Pokemon VALUES (52,'Meowth','Normal','Fighting','Meowth loves shiny coins');

INSERT INTO Pokemon VALUES (53,'Persian','Normal','Fighting','Persian has whiskers that give it its abilities');

INSERT INTO Pokemon VALUES (54,'Psyduck','Water','Electric, Grass','This pokemon can generate brainwaves seen no where else');

INSERT INTO Pokemon VALUES (55,'Golduck','Water','Electric, Grass','A Pokemon that is swift in the water');

INSERT INTO Pokemon VALUES (56,'Mankey','Fighting','Flying, Psychic, Fairy','A very angry Pokemon');

INSERT INTO Pokemon VALUES (57,'Primeape','Fighting','Flying, Psychic, Fairy','A strong fighting Pokemon');

INSERT INTO Pokemon VALUES (58,'Growlithe','Fire','Ground, Rock, Water','A commonly used Pokemon for Police');

INSERT INTO Pokemon VALUES (59,'Arcanine','Fire','Ground, Rock, Water','A Pokemon capable of running at high speeds');

INSERT INTO Pokemon VALUES (60,'Poliwag','Water','Electric, Grass','A small tadpole like Pokemon');

INSERT INTO Pokemon VALUES (61,'Poliwhirl','Water','Electric, Grass','A very slippery Pokemon');

INSERT INTO Pokemon VALUES (62,'Poliwrath','Water, Fighting','Electric, Grass, Flying, Psychic, Fairy','A Pokemon evolved using a Water stone');

INSERT INTO Pokemon VALUES (63,'Abra','Psychic','Ghost, Bug, Dark','A Pokemon that sleep[s for most of the day');

INSERT INTO Pokemon VALUES (64,'Kadabra','Psychic','Bug, Dark, Ghost','A Pokemon with a strong brain wave');

INSERT INTO Pokemon VALUES (65,'Alakazam','Psychic','Bug, Dark, Ghost','A Pokemon with an extremely high IQ');

INSERT INTO Pokemon VALUES (66,'Machop','Fighting','Flying, Psychic, Fairy','A small Pokemon with a large amount of strength');

INSERT INTO Pokemon VALUES (67,'Machoke','Fighting','Flying, Psychic, Fairy','A Pokemon whose muscles have the strength of steel');

INSERT INTO Pokemon VALUES (68,'Machamp','Fighting','Flying, Psychic, Fairy','A Pokemon that leaps into action before it thinks');

INSERT INTO Pokemon VALUES (69,'Bellsporut','Grass, Poison','Fire, Flying, Ice, Psychic','A Pokemon that can sway any direction');

INSERT INTO Pokemon VALUES (70,'Weepinbell','Grass, Poison','Fire, Flying, Ice, Psychic','A Pokemon that hooks onto trees');

INSERT INTO Pokemon VALUES (71,'Victrebell','Grass, Poison','Fire, Flying,Ice, Psychic','A Pokemon that swallows its prey whole');

INSERT INTO Pokemon VALUES (72,'Tentacool','Water, Poison','Electric, Ground, Psychic','A Jellyfish like Pokemon');

INSERT INTO Pokemon VALUES (73,'Tentacruel','Water, Poison','Electric, Ground, Psychic','A Pokem on that uses the orbs on its head to send shock waves');

INSERT INTO Pokemon VALUES (74,'Geodude','Rock, Ground','Grass, Water, Fighting, Ground, Ice, Steel','A rock pokemon with arms');

INSERT INTO Pokemon VALUES (75,'Graveler','Rock, Ground','Grass, Water, Fighting, Ground, Ice, Steel','A Pokemon that feeds on Rocks');

INSERT INTO Pokemon VALUES (76,'Golem','Rock, Ground','Grass, Water, Fighting, Ground, Ice, Steel','A Pokemon that can transform itself into a ball');

INSERT INTO Pokemon VALUES (77,'Ponyta','Fire','Rock, Ground, Water','A small horse Pokemon');

INSERT INTO Pokemon VALUES (78,'Rapidash','Fire','Rock, Ground, Water','A Pokemon that is fast as lightning');

INSERT INTO Pokemon VALUES (79,'Slowpoke','Water, Psychic','Bug, Ghost, Electric, Ghost, Grass','A Pokemon that often forgets what its doing');

INSERT INTO Pokemon VALUES (80,'Slowbro','Water, Psychic','Bug, Dark, Ghost, Electric, Grass','A Slowpoke with a shellder biting its tail');

INSERT INTO Pokemon VALUES (81,'Magnemite','Electric, Steel','Ground, Fire, Fighting','A Pokemon that clings to electricity');

INSERT INTO Pokemon VALUES (82,'Magneton','Electric, Steel','Gound, Fire, Fighting','Magnetons are fatal to electronic devices');

INSERT INTO Pokemon VALUES (83,'Farfethc\'d','Normal, Fighting','Electric, Ice, Rock','A bird Pokemon that always carries around a stalk');

INSERT INTO Pokemon VALUES (84,'Doduo','Normal, Fighting','Electric, Ice, Rock','A Pokemon whose two heads never sleep at the same time');

INSERT INTO Pokemon VALUES (85,'Dodrio','Normal, Flying','Electric, Ice, Rock','A Pokemon whose three heads are usually on guard');

INSERT INTO Pokemon VALUES (86,'Seel','Water','Electric, Grass','A sea lion like Pokemon that hunts for its prey in frigid waters');

INSERT INTO Pokemon VALUES (87,'Dewgong','Water, Ice','Electric, Fighting, Grass, Rock','A Pokemon that likes to sleep in Cold weather');

INSERT INTO Pokemon VALUES(88,'Grimer', 'Poison','Poison, Ground, Rock, Ghost','A Pokemon that is commonly used in pollution plants');

INSERT INTO Pokemon VALUES(89,'Muk', 'Poison','Poison, Ground, Rock, Ghost','A Pokemon that is so toxic, even its footprints are poisonous');

INSERT INTO Pokemon VALUES(90,'Shellder', 'Water','Water, Electric, Grass, Dragon','A Pokemon that teases its opponents by sticking its tongue out at them');

INSERT INTO Pokemon VALUES(91,'Cloyster', 'Water','Water, Electric, Grass, Dragon','Its shell is so tough, not enough a bomb could get it open');

INSERT INTO Pokemon VALUES(92,'Ghastly', 'Ghost/Poison','Poison, Ground, Rock, Ghost','This Pokemon never leaves Pokemon Tower, this Pokemon is almost invisible');

INSERT INTO Pokemon VALUES(93,'Haunter', 'Ghost/Poison','Poison, Ground, Rock, Ghost','People are unknown of this Pokemons nature, is it playful or spooky?');

INSERT INTO Pokemon VALUES(94,'Gengar', 'Ghost/Poison','Poison, Ground, Rock, Ghost','This Pokemon laughs at peoples fear, this Pokemon is very mischievous');

INSERT INTO Pokemon VALUES(95,'Onix','Rock/Ground','Fighting, Ground, Grass','At 28 feet, Onix ishe longest Pokemon in existence, not a good Pokemon for a beginning trainer to face!');

INSERT INTO Pokemon VALUES(96,'Drowzee', 'Psychic','Psychic','A Pokemon that is known to put people to sleep, then eat their dreams!');

INSERT INTO Pokemon VALUES(97,'Hypno', 'Psychic','Psychic','A Pokemon that is known to put people to sleep, then eat their dreams!');

INSERT INTO Pokemon VALUES(98,'Krabby', 'Water','Water, Electric, Grass, Dragon','A territorial Pokemon that defends its territories with its pincers');

INSERT INTO Pokemon VALUES(99,'Kingler', 'Water','Water, Electric, Grass, Dragon','A Pokemon with claws so large and powerful, they can crush steel');

INSERT INTO Pokemon VALUES(100,'Voltorb', 'Electric','Electric, Grass, Dragon','An explosive Pokemon that is usually mistaken for a Pokeball');

INSERT INTO Pokemon VALUES(101,'Electrode', 'Electric','Electric, Grass, Dragon','A Pokemon that often explodes for no reason at all');

INSERT INTO Pokemon VALUES(102,'Exeggcute','Grass/Psychic','Fire, Grass, Flyiung, Bug, Dragon,Psychic','These Pokemon travel in swarms and attack any who enter their territory');

INSERT INTO Pokemon VALUES(103,'Exeggcutor','Grass/Psychic','Fire, Grass, Flyiung, Bug, Dragon,Psychic','A three headed coconut Pokemon, each head has a distinct personality');

INSERT INTO Pokemon VALUES(104,'Cubone','Ground','Grass, Bug','This Pokemon wears the skull of its dead Mother');

INSERT INTO Pokemon VALUES(105,'Marowak','Ground','Grass, Bug','A Pokemon that uses its bone as a primary weapon, a ghost of this Pokemon is said to haunt Pokemon Tower');

INSERT INTO Pokemon VALUES(106,'Hitmonlee','Fighting','Poison, Flying, Psychic, Bug','A Pokemon whose primary fighting method is using its legs, known as "The Kicking Fiend"');

INSERT INTO Pokemon VALUES(107,'Hitmonchan','Fighting','Poison, Flying, Psychic, Bug','This Pokemon uses its fists to fight, it throws extremely fast punches');

INSERT INTO Pokemon VALUES(108,'Lickitung','Normal','Rock','A Pokemon who uses a long, strong tongue for its attacks');

INSERT INTO Pokemon VALUES(109,'Koffing','Poison','Poison, Ground, Rock, Ghost','A very toxic Pokemon that emits many poisonous gases');

INSERT INTO Pokemon VALUES(110,'Weezing','Poison','Poison, Ground, Rock, Ghost','This Pokemon is made of toxic liquids rather than toxic gases');

INSERT INTO Pokemon VALUES(111,'Rhyhorn','Ground/Rock','Water, Grass, Ice, Fighting','Its powerful tackles can destroy anything, however it is too slow to help people work');

INSERT INTO Pokemon VALUES(112,'Rhydon','Ground/Rock','Water, Grass, Ice, Fighting','A powerful Pokemon that stands on its hind legs');

INSERT INTO Pokemon VALUES(113,'Chansey','Normal','Fighitng','A Pokemon that is very helpful for Nurses');

INSERT INTO Pokemon VALUES(114,'Tangela','Grass','Flying, Poison, Bug, Fire, Ice','Many vines cover it, so no one has seen its true face');

INSERT INTO Pokemon VALUES(115,'Kangaskhan','Normal','Fighting','A large Pokemon that is commonly seen with its offspring in its pouch');

INSERT INTO Pokemon VALUES(116,'Horsea','Water','Grass, Electric','A small seahorse Pokemon, that when it sees danger, it flees');

INSERT INTO Pokemon VALUES(117,'Seadra','Water','Grass, Electric','Its spine protects it. Parts of this Pokemon are used in medicines');

INSERT INTO Pokemon VALUES(118,'Goldeen','Water','Grass, Electric','Though it appears elegant, it can jab people with its horn');

INSERT INTO Pokemon VALUES(119,'Seaking','Water','Grass, Electric','In Autumn this Pokemons vibrant colors help it mate');

INSERT INTO Pokemon VALUES(120,'Staryu','Water','Water, Electric, Grass, Dragon','Staryu moves withs its points, but it uses psychic powers');

INSERT INTO Pokemon VALUES(121,'Starmie','Water','Water, Electric, Grass, Dragon, Psychic','Starmie has thicker skin to give it better protection');

INSERT INTO Pokemon VALUES(122,'Mr. Mime','Psychic','Fighitng, Poison','The mime pokemon, with mysterious psychic powers');

INSERT INTO Pokemon VALUES(123,'Scyther','Bug/Flying','Ghost, Flying, Fire, Electric, Rock','This pokemon has razor sharp arms that make for a powerful cut attack');

INSERT INTO Pokemon VALUES(124,'Jynx','Ice, Psychic','Fire, Water, Ice, Psychic','Jynx ius a mysterious Pokemon that uses a combo of ice and psychic powers');

INSERT INTO Pokemon VALUES(125,'Electabuzz','Electric','Dragon, Grass, Electric','This Pokemon is usually found near Power plants and is known to cause blackouts');

INSERT INTO Pokemon VALUES(126,'Magmar','Fire','Fire, Water, Dragon, Rock','Magmar burns with a bright glow and can disappear in a fire');

INSERT INTO Pokemon VALUES(127,'Pinsir','Bug','Ghost, Flying, Fighting, Fire','Pinsir depends on its massive pincers in a fight, it also may use its claws');

INSERT INTO Pokemon VALUES(128,'Tauros','Normal','Rock, Ghost','Tauros have been knwon to charge violently in stampedes');

INSERT INTO Pokemon VALUES(129,'Magikarp','Water','Water, Dragon, Grass, Electric','This Pokemon should be trained for evolution upon catching it');

INSERT INTO Pokemon VALUES(130,'Gyrados','Water/Flying','Water, Electric, Dragon','This powerful Pokemon should beeared by many, especially sailors');

INSERT INTO Pokemon VALUES(131,'Lapras','Water/Ice','Water, Electric, Ice','Lapras is known to carry passengers across small bodies of water');

INSERT INTO Pokemon VALUES(132,'Ditto','Normal','Rock','A Pokemon that can copy the appearances and powers of other Pokemon');

INSERT INTO Pokemon VALUES(133,'Eevee','Normal','Rock','Eevee can have different evolutions depending on the stones it is exposed to');

INSERT INTO Pokemon VALUES(134,'Vaporeon','Water','Water, Electric, Grass, Dragon','This pokemon is known to go into water and disappear');

INSERT INTO Pokemon VALUES(135,'Jolteon','Electric','Ground, Electric, Grass, Dragon','Jolteon is known to charge up to 10,000 Volts');

INSERT INTO Pokemon VALUES(136,'Flareon','Fire','Fire, Water, Rock, Dragon','Flareon is considered to be the strongest of the Eeveelutions, getting up to 1,600 degrees');

INSERT INTO Pokemon VALUES(137,'Porygon','Normal','Rock','Porygon has an appearance that is so shocking that it may cause some to go to the hospital');

INSERT INTO Pokemon VALUES(138,'Omanyte','Rock/Water','Fighting, Water, Electric, Grass, Dragon','Omanyte is a pokemon that has been extinct for thousands of years, but technology has brought it back to life');

INSERT INTO Pokemon VALUES(139,'Omastar','Rock/Water','Fighting, Water, Electric, Grass, Dragon','Omastar may have died out when its heavy shell made it hard to catch food');

INSERT INTO Pokemon VALUES(140,'Kabuto','Rock/Water','Fighting, Grass, Water, Electric, Dragon','This pokemon looks like a rock from above but it is actuial a beetlelike Pokemon.');

INSERT INTO Pokemon VALUES(141,'Kabutops','Rock/Water','Fighting, Water, Electric, Grass, Dragon','Kabutops is known to use its sharp blades for cutting');

INSERT INTO Pokemon VALUES(142,'Aerodactyl','Rock/Flying','Electric, Rock, Ground','Aerodactyl is known to go straight for an opponents throat');

INSERT INTO Pokemon VALUES(143,'Snorlax','Normal','Rock','Snorlax tends to do two activites: eat and sleep');

INSERT INTO Pokemon VALUES(144,'Articuno','Ice/Flying','Fire, Water, Electric, Ice','This Pokemon is said to reside in the Seafoam Islands and prey upon weary travelers');

INSERT INTO Pokemon VALUES(145,'Zapdos','Electric/Flying','Electric, Dragon, Rock','This Pokemon is said to reside in theIndigo Plateua Power Plant');

INSERT INTO Pokemon VALUES(146,'Moltres','Fire/Flying','Fire, Water, Rock, Dragon, Electric','This Pokemon resides along Route 23 on the way to Victory Road');

INSERT INTO Pokemon VALUES(147,'Dratini','Dragon','None','Dratini was though to be a mythic Pokemon, but a small colony was found underwater');

INSERT INTO Pokemon VALUES(148,'Dragonair','Dragon','None','Dragonair is said to be able to change the weather');

INSERT INTO Pokemon VALUES(149,'Dragonite','Dragon/Flying','Electric, Rock','This Pokemon has hardly ever been seen, but it may have been the Dragons in fairy tales');

INSERT INTO Pokemon VALUES(150,'Mewtwo','Psychic','Psychic','Mewtwo was the result of a lab experiment and resides in Cerulean Cave');

INSERT INTO Pokemon VALUES(151,'Mew','Unknown','Unknown','Not much is known about Mew, although its DNA is believed to have spawned Mewtwo');

#This is used to put data in the Trainer table

INSERT INTO Trainer (Title,TrainerName,LocationID) VALUES('Bug Cather','Rick',4);

INSERT INTO Trainer (Title,TrainerName,LocationID) VALUES('Bug Cather','Doug',4);

INSERT INTO Trainer (Title,TrainerName,LocationID) VALUES('Bug Cather','Anthony',4);

INSERT INTO Trainer (Title,TrainerName,LocationID) VALUES('Bug Cather','Charlie',4);

INSERT INTO Trainer (Title,TrainerName,LocationID) VALUES('Bug Cather','Sammy',4);

INSERT INTO Trainer (Title,TrainerName,LocationID) VALUES('Camper','Liam',7);

INSERT INTO Trainer (Title,TrainerName,LocationID) VALUES('Leader','Brock',7);

INSERT INTO Trainer (Title,TrainerName,LocationID) VALUES('Lass','Janice',8);

INSERT INTO Trainer (Title,TrainerName,LocationID) VALUES('Bug Catcher','Colton',8);

INSERT INTO Trainer (Title,TrainerName,LocationID) VALUES('Youngster','Ben',8);

INSERT INTO Trainer (Title,TrainerName,LocationID) VALUES('Bug Catcher','Greg',8);

INSERT INTO Trainer (Title,TrainerName,LocationID) VALUES('Lass','Sally',8);

INSERT INTO Trainer (Title,TrainerName,LocationID) VALUES('Bug Catcher','James',8);

INSERT INTO Trainer (Title,TrainerName,LocationID) VALUES('Youngster','James',8);

INSERT INTO Trainer (Title,TrainerName,LocationID) VALUES('Lass','Robin',8);

INSERT INTO Trainer (Title,TrainerName,LocationID) VALUES('Lass','Iris',9);

INSERT INTO Trainer (Title,TrainerName,LocationID) VALUES('Bug Catcher','Kent',9);

INSERT INTO Trainer (Title,TrainerName,LocationID) VALUES('Super Nerd','Jovan',9);

INSERT INTO Trainer (Title,TrainerName,LocationID) VALUES('Bug Catcher','Robby',9);

INSERT INTO Trainer (Title,TrainerName,LocationID) VALUES('Lass','Miriam',9);

INSERT INTO Trainer (Title,TrainerName,LocationID) VALUES('Team Rocket','Grunt',9);

INSERT INTO Trainer (Title,TrainerName,LocationID) VALUES('Team Rocket','Grunt',9);

INSERT INTO Trainer (Title,TrainerName,LocationID) VALUES('Youngster','Josh',9);

INSERT INTO Trainer (Title,TrainerName,LocationID) VALUES('Hiker','Marcos',9);

INSERT INTO Trainer (Title,TrainerName,LocationID) VALUES('Team Rocket','Grunt',9);

INSERT INTO Trainer (Title,TrainerName,LocationID) VALUES('Team Rocket','Grunt',9);

INSERT INTO Trainer (Title,TrainerName,LocationID) VALUES('Super Nerd','Miguel',9);

INSERT INTO Trainer (Title,TrainerName,LocationID) VALUES('Lass','Crissy',10);

INSERT INTO Trainer (Title,TrainerName,LocationID) VALUES('Bug Catcher','Cale',12);

INSERT INTO Trainer (Title,TrainerName,LocationID) VALUES('Lass','Ali',12);

INSERT INTO Trainer (Title,TrainerName,LocationID) VALUES('Youngster','Timmy',12);

INSERT INTO Trainer (Title,TrainerName,LocationID) VALUES('Lass','Reli',12);

INSERT INTO Trainer (Title,TrainerName,LocationID) VALUES('Camper','Ethan',12);

INSERT INTO Trainer (Title,TrainerName,LocationID) VALUES('Team Rocket','Grunt',12);

INSERT INTO Trainer (Title,TrainerName,LocationID) VALUES('Camper','Ethan',12);

INSERT INTO Trainer (Title,TrainerName,LocationID) VALUES('Hiker','Franklin',13);

INSERT INTO Trainer (Title,TrainerName,LocationID) VALUES('Hiker','Wayne',13);

INSERT INTO Trainer (Title,TrainerName,LocationID) VALUES('Youngster','Joey',13);

INSERT INTO Trainer (Title,TrainerName,LocationID) VALUES('Youngster','Dan',13);

INSERT INTO Trainer (Title,TrainerName,LocationID) VALUES('Picnicker','Kelsey',13);

INSERT INTO Trainer (Title,TrainerName,LocationID) VALUES('Hiker','Nob',13);

INSERT INTO Trainer (Title,TrainerName,LocationID) VALUES('Camper','Flint',13);

INSERT INTO Trainer (Title,TrainerName,LocationID) VALUES('Youngster','Chad',13);

INSERT INTO Trainer (Title,TrainerName,LocationID) VALUES('Lass','Haley',13);

INSERT INTO Trainer (Title,TrainerName,LocationID) VALUES('Swimmer','Luis',11);

INSERT INTO Trainer (Title,TrainerName,LocationID) VALUES('Picnicker','Diana',11);

INSERT INTO Trainer (Title,TrainerName,LocationID) VALUES('Leader','Misty',11);

INSERT INTO Trainer (Title,TrainerName,LocationID) VALUES('Team Rocket','Grunt',11);

INSERT INTO Trainer (Title,TrainerName,LocationID) VALUES('Bug Catcher','Keigo',18);

INSERT INTO Trainer (Title,TrainerName,LocationID) VALUES('Camper','Ricky',18);

INSERT INTO Trainer (Title,TrainerName,LocationID) VALUES('Picnicker','Nancy',18);

INSERT INTO Trainer (Title,TrainerName,LocationID) VALUES('Bug Catcher','Elijah',18);

INSERT INTO Trainer (Title,TrainerName,LocationID) VALUES('Picnicker','Isabelle',18);

INSERT INTO Trainer (Title,TrainerName,LocationID) VALUES('Camper','Jeff',18);

INSERT INTO Trainer (Title,TrainerName,LocationID) VALUES('Youngster','Eddie',26);

INSERT INTO Trainer (Title,TrainerName,LocationID) VALUES('Gamer','Hugo',26);

INSERT INTO Trainer (Title,TrainerName,LocationID) VALUES('Engineer','Bernie',26);

INSERT INTO Trainer (Title,TrainerName,LocationID) VALUES('Gamer','Jasper',26);

INSERT INTO Trainer (Title,TrainerName,LocationID) VALUES('Youngster','Dave',26);

INSERT INTO Trainer (Title,TrainerName,LocationID) VALUES('Youngster','Dillon',26);

INSERT INTO Trainer (Title,TrainerName,LocationID) VALUES('Engineer','Braxton',26);

INSERT INTO Trainer (Title,TrainerName,LocationID) VALUES('Youngster','Yasu',26);

INSERT INTO Trainer (Title,TrainerName,LocationID) VALUES('Gamer','Darian',26);

INSERT INTO Trainer (Title,TrainerName,LocationID) VALUES('Gamer','Dirk',26);

INSERT INTO Trainer (Title,TrainerName,LocationID) VALUES('Fisherman','Barny',17);

INSERT INTO Trainer (Title,TrainerName,LocationID) VALUES('Sailor','Phillip',17);

INSERT INTO Trainer (Title,TrainerName,LocationID) VALUES('Sailor','Huey',17);

INSERT INTO Trainer (Title,TrainerName,LocationID) VALUES('Sailor','Dylan',17);

INSERT INTO Trainer (Title,TrainerName,LocationID) VALUES('Sailor','Duncan',17);

INSERT INTO Trainer (Title,TrainerName,LocationID) VALUES('Sailor','Leonard',17);

INSERT INTO Trainer (Title,TrainerName,LocationID) VALUES('Gentleman','Thomas',17);

INSERT INTO Trainer (Title,TrainerName,LocationID) VALUES('Gentleman','Arthur',17);

INSERT INTO Trainer (Title,TrainerName,LocationID) VALUES('Lass','Ann',17);

INSERT INTO Trainer (Title,TrainerName,LocationID) VALUES('Youngster','Tyler',17);

INSERT INTO Trainer (Title,TrainerName,LocationID) VALUES('Sailor','Trevor',17);

INSERT INTO Trainer (Title,TrainerName,LocationID) VALUES('Sailor','Edmond',17);

INSERT INTO Trainer (Title,TrainerName,LocationID) VALUES('Fisherman','Dale',17);

INSERT INTO Trainer (Title,TrainerName,LocationID) VALUES('Gentleman','Brooks',17);

INSERT INTO Trainer (Title,TrainerName,LocationID) VALUES('Lass','Dawn',17);

INSERT INTO Trainer (Title,TrainerName,LocationID) VALUES('Gentleman','Lamar',17);

INSERT INTO Trainer (Title,TrainerName,LocationID) VALUES('Sailor','Dwayne',16);

INSERT INTO Trainer (Title,TrainerName,LocationID) VALUES('Engineer','Bailey',16);

INSERT INTO Trainer (Title,TrainerName,LocationID) VALUES('Gentleman','Tucker',16);

INSERT INTO Trainer (Title,TrainerName,LocationID) VALUES('Leader','Lt. Surge',16);

INSERT INTO Trainer (Title,TrainerName,LocationID) VALUES('Picnicker','Alicia',21);

INSERT INTO Trainer (Title,TrainerName,LocationID) VALUES('Hiker','Jeremy',21);

INSERT INTO Trainer (Title,TrainerName,LocationID) VALUES('Camper','Chris',21);

INSERT INTO Trainer (Title,TrainerName,LocationID) VALUES('Bug Catcher','Brent',21);

INSERT INTO Trainer (Title,TrainerName,LocationID) VALUES('Bug Catcher','Conner',21);

INSERT INTO Trainer (Title,TrainerName,LocationID) VALUES('Camper','Drew',21);

INSERT INTO Trainer (Title,TrainerName,LocationID) VALUES('Hiker','Alan',21);

INSERT INTO Trainer (Title,TrainerName,LocationID) VALUES('Hiker','Brice',21);

INSERT INTO Trainer (Title,TrainerName,LocationID) VALUES('Picnicker','Caitlin',21);

INSERT INTO Trainer (Title,TrainerName,LocationID) VALUES('Picnicker','Heidi',23);

INSERT INTO Trainer (Title,TrainerName,LocationID) VALUES('Picnicker','Carol',23);

INSERT INTO Trainer (Title,TrainerName,LocationID) VALUES('Hiker','Clark',23);

INSERT INTO Trainer (Title,TrainerName,LocationID) VALUES('Hiker','Trent',23);

INSERT INTO Trainer (Title,TrainerName,LocationID) VALUES('Picnicker','Heidi',23);

INSERT INTO Trainer (Title,TrainerName,LocationID) VALUES('Pokemaniac','Herman',23);

INSERT INTO Trainer (Title,TrainerName,LocationID) VALUES('Pokemaniac','Mark',23);

INSERT INTO Trainer (Title,TrainerName,LocationID) VALUES('Pokemaniac','Ashton',22);

INSERT INTO Trainer (Title,TrainerName,LocationID) VALUES('Pokemaniac','Winston',22);

INSERT INTO Trainer (Title,TrainerName,LocationID) VALUES('Picnicker','Martha',22);

INSERT INTO Trainer (Title,TrainerName,LocationID) VALUES('Pokemaniac','Steve',22);

INSERT INTO Trainer (Title,TrainerName,LocationID) VALUES('Hiker','Allen',22);

INSERT INTO Trainer (Title,TrainerName,LocationID) VALUES('Hiker','Eric',22);

INSERT INTO Trainer (Title,TrainerName,LocationID) VALUES('Hiker','Lenny',22);

INSERT INTO Trainer (Title,TrainerName,LocationID) VALUES('Hiker','Oliver',22);

INSERT INTO Trainer (Title,TrainerName,LocationID) VALUES('Hiker','Lucas',22);

INSERT INTO Trainer (Title,TrainerName,LocationID) VALUES('Picnicker','Sofia',22);

INSERT INTO Trainer (Title,TrainerName,LocationID) VALUES('Hiker','Dudley',22);

INSERT INTO Trainer (Title,TrainerName,LocationID) VALUES('Pokemaniac','Cooper',22);

INSERT INTO Trainer (Title,TrainerName,LocationID) VALUES('Picnicker','Leah',22);

INSERT INTO Trainer (Title,TrainerName,LocationID) VALUES('Picnicker','Ariana',22);

INSERT INTO Trainer (Title,TrainerName,LocationID) VALUES('Picnicker','Dana',22);

INSERT INTO Trainer (Title,TrainerName,LocationID) VALUES('Lass','Julia',48);

INSERT INTO Trainer (Title,TrainerName,LocationID) VALUES('Gamer','Rich',48);

INSERT INTO Trainer (Title,TrainerName,LocationID) VALUES('Super Nerd','Glenn',48);

INSERT INTO Trainer (Title,TrainerName,LocationID) VALUES('Twins','Eli & Anne',48);

INSERT INTO Trainer (Title,TrainerName,LocationID) VALUES('Lass','Megan',48);

INSERT INTO Trainer (Title,TrainerName,LocationID) VALUES('Lass','Andrea',48);

INSERT INTO Trainer (Title,TrainerName,LocationID) VALUES('Super Nerd','Leslie',48);

INSERT INTO Trainer (Title,TrainerName,LocationID) VALUES('Lass','Paige',48);

INSERT INTO Trainer (Title,TrainerName,LocationID) VALUES('Biker','Jaren',48);

INSERT INTO Trainer (Title,TrainerName,LocationID) VALUES('Biker','Ricardo',48);

INSERT INTO Trainer (Title,TrainerName,LocationID) VALUES('Super Nerd','Aidan',48);

INSERT INTO Trainer (Title,TrainerName,LocationID) VALUES('Gamer','Stan',48);

INSERT INTO Trainer (Title,TrainerName,LocationID) VALUES('Lass','Kay',47);

INSERT INTO Trainer (Title,TrainerName,LocationID) VALUES('Beauty','Bridget',47);

INSERT INTO Trainer (Title,TrainerName,LocationID) VALUES('Picnicker','Tina',47);

INSERT INTO Trainer (Title,TrainerName,LocationID) VALUES('Beauty','Tamin',47);

INSERT INTO Trainer (Title,TrainerName,LocationID) VALUES('Beauty','Lori',47);

INSERT INTO Trainer (Title,TrainerName,LocationID) VALUES('Lass','Lisa',47);

INSERT INTO Trainer (Title,TrainerName,LocationID) VALUES('Cooltrainer','Mary',47);

INSERT INTO Trainer (Title,TrainerName,LocationID) VALUES('Leader','Erika',47);

INSERT INTO Trainer (Title,TrainerName,LocationID) VALUES('Team Rocket','Grunt',49);

INSERT INTO Trainer (Title,TrainerName,LocationID) VALUES('Team Rocket','Grunt',49);

INSERT INTO Trainer (Title,TrainerName,LocationID) VALUES('Team Rocket','Grunt',49);

INSERT INTO Trainer (Title,TrainerName,LocationID) VALUES('Team Rocket','Grunt',49);

INSERT INTO Trainer (Title,TrainerName,LocationID) VALUES('Team Rocket','Grunt',49);

INSERT INTO Trainer (Title,TrainerName,LocationID) VALUES('Team Rocket','Grunt',49);

INSERT INTO Trainer (Title,TrainerName,LocationID) VALUES('Team Rocket','Grunt',49);

INSERT INTO Trainer (Title,TrainerName,LocationID) VALUES('Team Rocket','Grunt',49);

INSERT INTO Trainer (Title,TrainerName,LocationID) VALUES('Team Rocket','Grunt',49);

INSERT INTO Trainer (Title,TrainerName,LocationID) VALUES('Team Rocket','Grunt',49);

INSERT INTO Trainer (Title,TrainerName,LocationID) VALUES('Team Rocket','Grunt',49);

INSERT INTO Trainer (Title,TrainerName,LocationID) VALUES('Boss','Giovanni',49);

INSERT INTO Trainer (Title,TrainerName,LocationID) VALUES('Chaneler','Hope',25);

INSERT INTO Trainer (Title,TrainerName,LocationID) VALUES('Chaneler','Patricia',25);

INSERT INTO Trainer (Title,TrainerName,LocationID) VALUES('Chaneler','Carly',25);

INSERT INTO Trainer (Title,TrainerName,LocationID) VALUES('Chaneler','Laurel',25);

INSERT INTO Trainer (Title,TrainerName,LocationID) VALUES('Chaneler','Jody',25);

INSERT INTO Trainer (Title,TrainerName,LocationID) VALUES('Chaneler','Paula',25);

INSERT INTO Trainer (Title,TrainerName,LocationID) VALUES('Chaneler','Ruth',25);

INSERT INTO Trainer (Title,TrainerName,LocationID) VALUES('Chaneler','Tammy',25);

INSERT INTO Trainer (Title,TrainerName,LocationID) VALUES('Chaneler','Karina',25);

INSERT INTO Trainer (Title,TrainerName,LocationID) VALUES('Chaneler','Janae',25);

INSERT INTO Trainer (Title,TrainerName,LocationID) VALUES('Chaneler','Angelica',25);

INSERT INTO Trainer (Title,TrainerName,LocationID) VALUES('Chaneler','Jennifer',25);

INSERT INTO Trainer (Title,TrainerName,LocationID) VALUES('Chaneler','Emilia',25);

INSERT INTO Trainer (Title,TrainerName,LocationID) VALUES('Team Rocket','Grunt',25);

INSERT INTO Trainer (Title,TrainerName,LocationID) VALUES('Team Rocket','Grunt',25);

INSERT INTO Trainer (Title,TrainerName,LocationID) VALUES('Team Rocket','Grunt',25);

INSERT INTO Trainer (Title,TrainerName,LocationID) VALUES('Team Rocket','Grunt',25);

INSERT INTO Trainer (Title,TrainerName,LocationID) VALUES('Young Couple','Lea & Jed',50);

INSERT INTO Trainer (Title,TrainerName,LocationID) VALUES('Biker','Lao',50);

INSERT INTO Trainer (Title,TrainerName,LocationID) VALUES('Cue Ball','Luke',50);

INSERT INTO Trainer (Title,TrainerName,LocationID) VALUES('Cue Ball','Koji',50);

INSERT INTO Trainer (Title,TrainerName,LocationID) VALUES('Biker','Hideo',50);

INSERT INTO Trainer (Title,TrainerName,LocationID) VALUES('Biker','Ruben',50);

INSERT INTO Trainer (Title,TrainerName,LocationID) VALUES('Cue Ball','Camron',50);

INSERT INTO Trainer (Title,TrainerName,LocationID) VALUES('Cue Ball','Isaiah',51);

INSERT INTO Trainer (Title,TrainerName,LocationID) VALUES('Biker','Virgil',51);

INSERT INTO Trainer (Title,TrainerName,LocationID) VALUES('Cue Ball','Raul',51);

INSERT INTO Trainer (Title,TrainerName,LocationID) VALUES('Biker','Billy',51);

INSERT INTO Trainer (Title,TrainerName,LocationID) VALUES('Biker','Nikolas',51);

INSERT INTO Trainer (Title,TrainerName,LocationID) VALUES('Cue Ball','Zeek',51);

INSERT INTO Trainer (Title,TrainerName,LocationID) VALUES('Cue Ball','Corey',51);

INSERT INTO Trainer (Title,TrainerName,LocationID) VALUES('Biker','Jaxon',51);

INSERT INTO Trainer (Title,TrainerName,LocationID) VALUES('Cue Ball','Jamal',51);

INSERT INTO Trainer (Title,TrainerName,LocationID) VALUES('Biker','William',51);

INSERT INTO Trainer (Title,TrainerName,LocationID) VALUES('Bird Keeper','Jacob',33);

INSERT INTO Trainer (Title,TrainerName,LocationID) VALUES('Bird Keeper','Wilton',33);

INSERT INTO Trainer (Title,TrainerName,LocationID) VALUES('Bird Keeper','Ramiro',33);
#Start Here
#Fighting Dojo is 52,Silph Co is 20
INSERT INTO Trainer (Title,TrainerName,LocationID) VALUES('Juggler','Nate',31);

INSERT INTO Trainer (Title,TrainerName,LocationID) VALUES('Juggler','Kayden',31);

INSERT INTO Trainer (Title,TrainerName,LocationID) VALUES('Juggler','Kirk',31);

INSERT INTO Trainer (Title,TrainerName,LocationID) VALUES('Tamer','Edgar',31);

INSERT INTO Trainer (Title,TrainerName,LocationID) VALUES('Tamer','Phil',31);

INSERT INTO Trainer (Title,TrainerName,LocationID) VALUES('Juggler','Shawn',31);

INSERT INTO Trainer (Title,TrainerName,LocationID) VALUES('Leader','Koga',31);

INSERT INTO Trainer (Title,TrainerName,LocationID) VALUES('Black Belt','Hitoshi',52);

INSERT INTO Trainer (Title,TrainerName,LocationID) VALUES('Black Belt','Hideki',52);

INSERT INTO Trainer (Title,TrainerName,LocationID) VALUES('Black Belt','Aaron',52);

INSERT INTO Trainer (Title,TrainerName,LocationID) VALUES('Black Belt','Mike',52);

INSERT INTO Trainer (Title,TrainerName,LocationID) VALUES('Black Belt','Koichi',52);

INSERT INTO Trainer (Title,TrainerName,LocationID) VALUES('Team Rocket','Grunt',20);

INSERT INTO Trainer (Title,TrainerName,LocationID) VALUES('Team Rocket','Grunt',20);

INSERT INTO Trainer (Title,TrainerName,LocationID) VALUES('Scientist','Jerry',20);

INSERT INTO Trainer (Title,TrainerName,LocationID) VALUES('Team Rocket','Grunt',20);

INSERT INTO Trainer (Title,TrainerName,LocationID) VALUES('Scientist','Jose',20);

INSERT INTO Trainer (Title,TrainerName,LocationID) VALUES('Team Rocket','Grunt',20);

INSERT INTO Trainer (Title,TrainerName,LocationID) VALUES('Team Rocket','Grunt',20);

INSERT INTO Trainer (Title,TrainerName,LocationID) VALUES('Scientist','Rodney',20);

INSERT INTO Trainer (Title,TrainerName,LocationID) VALUES('Scientist','Beau',20);

INSERT INTO Trainer (Title,TrainerName,LocationID) VALUES('Team Rocket','Grunt',20);

INSERT INTO Trainer (Title,TrainerName,LocationID) VALUES('Team Rocket','Grunt',20);

INSERT INTO Trainer (Title,TrainerName,LocationID) VALUES('Juggler','Dalton',20);

INSERT INTO Trainer (Title,TrainerName,LocationID) VALUES('Team Rocket','Grunt',20);

INSERT INTO Trainer (Title,TrainerName,LocationID) VALUES('Team Rocket','Grunt',20);

INSERT INTO Trainer (Title,TrainerName,LocationID) VALUES('Scientist','Taylor',20);

INSERT INTO Trainer (Title,TrainerName,LocationID) VALUES('Team Rocket','Grunt',20);

INSERT INTO Trainer (Title,TrainerName,LocationID) VALUES('Team Rocket','Grunt',20);

INSERT INTO Trainer (Title,TrainerName,LocationID) VALUES('Team Rocket','Grunt',20);

INSERT INTO Trainer (Title,TrainerName,LocationID) VALUES('Scientist','Joshua',20);

INSERT INTO Trainer (Title,TrainerName,LocationID) VALUES('Team Rocket','Grunt',20);

INSERT INTO Trainer (Title,TrainerName,LocationID) VALUES('Team Rocket','Grunt',20);

INSERT INTO Trainer (Title,TrainerName,LocationID) VALUES('Scientist','PArker',20);

INSERT INTO Trainer (Title,TrainerName,LocationID) VALUES('Team Rocket','Grunt',20);

INSERT INTO Trainer (Title,TrainerName,LocationID) VALUES('Team Rocket','Grunt',20);

INSERT INTO Trainer (Title,TrainerName,LocationID) VALUES('Scientist','Ed',20);

INSERT INTO Trainer (Title,TrainerName,LocationID) VALUES('Scientist','Travis',20);

INSERT INTO Trainer (Title,TrainerName,LocationID) VALUES('Team Rocket','Grunt',20);

INSERT INTO Trainer (Title,TrainerName,LocationID) VALUES('Team Rocket','Grunt',20);

INSERT INTO Trainer (Title,TrainerName,LocationID) VALUES('Team Rocket','Grunt',20);

INSERT INTO Trainer (Title,TrainerName,LocationID) VALUES('Boss','Giovannia',20);

INSERT INTO Trainer (Title,TrainerName,LocationID) VALUES('Psychic','Cameron',19);

INSERT INTO Trainer (Title,TrainerName,LocationID) VALUES('Channeler','Tasha',19);

INSERT INTO Trainer (Title,TrainerName,LocationID) VALUES('Psychic','Johan',19);

INSERT INTO Trainer (Title,TrainerName,LocationID) VALUES('Psychic','Tyron',19);

INSERT INTO Trainer (Title,TrainerName,LocationID) VALUES('Channeler','Stacy',19);

INSERT INTO Trainer (Title,TrainerName,LocationID) VALUES('Channeler','Amanda',19);

INSERT INTO Trainer (Title,TrainerName,LocationID) VALUES('Pscyhic','Preston',19);

INSERT INTO Trainer (Title,TrainerName,LocationID) VALUES('Leader','Sabrina',19);

INSERT INTO Trainer (Title,TrainerName,LocationID) VALUES('Fisherman','Ned',27);

INSERT INTO Trainer (Title,TrainerName,LocationID) VALUES('Fisherman','Chip',27);

INSERT INTO Trainer (Title,TrainerName,LocationID) VALUES('Fisherman','Hank',27);

INSERT INTO Trainer (Title,TrainerName,LocationID) VALUES('Fisherman','Elliot',27);

INSERT INTO Trainer (Title,TrainerName,LocationID) VALUES('Young Couple','Gia & Jes',27);

INSERT INTO Trainer (Title,TrainerName,LocationID) VALUES('Rocker','Luca',27);

INSERT INTO Trainer (Title,TrainerName,LocationID) VALUES('Camper','Justin',27);

INSERT INTO Trainer (Title,TrainerName,LocationID) VALUES('Fisherman','Andrew',27);

INSERT INTO Trainer (Title,TrainerName,LocationID) VALUES('Picnicker','Alma',28);

INSERT INTO Trainer (Title,TrainerName,LocationID) VALUES('Bird Keeper','Sebastian',28);

INSERT INTO Trainer (Title,TrainerName,LocationID) VALUES('Picnicker','Susie',28);

INSERT INTO Trainer (Title,TrainerName,LocationID) VALUES('Beauty','Lola',28);

INSERT INTO Trainer (Title,TrainerName,LocationID) VALUES('Beauty','Sheila',28);

INSERT INTO Trainer (Title,TrainerName,LocationID) VALUES('Picnicker','Valerie',28);

INSERT INTO Trainer (Title,TrainerName,LocationID) VALUES('Picnicker','Gwen',28);

INSERT INTO Trainer (Title,TrainerName,LocationID) VALUES('Bird Keeper','Perry',28);

INSERT INTO Trainer (Title,TrainerName,LocationID) VALUES('Biker','Jared',28);

INSERT INTO Trainer (Title,TrainerName,LocationID) VALUES('Bird Keeper','Carter',29);

INSERT INTO Trainer (Title,TrainerName,LocationID) VALUES('Bird Keeper','Mitch',29);

INSERT INTO Trainer (Title,TrainerName,LocationID) VALUES('Bird Keeper','Marlon',29);

INSERT INTO Trainer (Title,TrainerName,LocationID) VALUES('Bird Keeper','Beck',29);

INSERT INTO Trainer (Title,TrainerName,LocationID) VALUES('Bird Keeper','Donald',29);

INSERT INTO Trainer (Title,TrainerName,LocationID) VALUES('Bird Keeper','Benny',29);

INSERT INTO Trainer (Title,TrainerName,LocationID) VALUES('Biker','Gerald',29);

INSERT INTO Trainer (Title,TrainerName,LocationID) VALUES('Biker','Malik',29);

INSERT INTO Trainer (Title,TrainerName,LocationID) VALUES('Biker','Isaac',29);

INSERT INTO Trainer (Title,TrainerName,LocationID) VALUES('Biker','Lukas',29);

INSERT INTO Trainer (Title,TrainerName,LocationID) VALUES('Twins','Kiri & Jan',29);
#Start Here
#Route 19 is 34, Route 20 is 35, Pokemon Mansion is 39, Cinnabar Island is 37
INSERT INTO Trainer (Title,TrainerName,LocationID) VALUES('Picnicker','Becky',30);

INSERT INTO Trainer (Title,TrainerName,LocationID) VALUES('Crush','Ron & Mya',30);

INSERT INTO Trainer (Title,TrainerName,LocationID) VALUES('Picnicker','Celia',30);

INSERT INTO Trainer (Title,TrainerName,LocationID) VALUES('Biker','Ernest',30);

INSERT INTO Trainer (Title,TrainerName,LocationID) VALUES('Biker','Alex',30);

INSERT INTO Trainer (Title,TrainerName,LocationID) VALUES('Beauty','Grace',30);

INSERT INTO Trainer (Title,TrainerName,LocationID) VALUES('Beauty','Olivia',30);

INSERT INTO Trainer (Title,TrainerName,LocationID) VALUES('Picnicker','Kindra',30);

INSERT INTO Trainer (Title,TrainerName,LocationID) VALUES('Bird Keeper','Chester',30);

INSERT INTO Trainer (Title,TrainerName,LocationID) VALUES('Bird Keeper','Edwin',30);

INSERT INTO Trainer (Title,TrainerName,LocationID) VALUES('Picnicker','Yazmin',30);

INSERT INTO Trainer (Title,TrainerName,LocationID) VALUES('Swimmer','Richard',34);

INSERT INTO Trainer (Title,TrainerName,LocationID) VALUES('Swimmer','Reece',34);

INSERT INTO Trainer (Title,TrainerName,LocationID) VALUES('Swimmer','Tony',34);

INSERT INTO Trainer (Title,TrainerName,LocationID) VALUES('Swimmer','David',34);

INSERT INTO Trainer (Title,TrainerName,LocationID) VALUES('Swimmer','Douglas',34);

INSERT INTO Trainer (Title,TrainerName,LocationID) VALUES('Swimmer','Matthew',34);

INSERT INTO Trainer (Title,TrainerName,LocationID) VALUES('Sis & Bro','Lia & Luc',34);

INSERT INTO Trainer (Title,TrainerName,LocationID) VALUES('Swimmer','Axle',34);

INSERT INTO Trainer (Title,TrainerName,LocationID) VALUES('Swimmer','Alice',34);

INSERT INTO Trainer (Title,TrainerName,LocationID) VALUES('Swimmer','Connie',34);

INSERT INTO Trainer (Title,TrainerName,LocationID) VALUES('Swimmer','Anya',34);

INSERT INTO Trainer (Title,TrainerName,LocationID) VALUES('Swimmer','Barry',35);

INSERT INTO Trainer (Title,TrainerName,LocationID) VALUES('Swimmer','Darrin',35);

INSERT INTO Trainer (Title,TrainerName,LocationID) VALUES('Swimmer','Shirley',35);

INSERT INTO Trainer (Title,TrainerName,LocationID) VALUES('Swimmer','Tiffany',35);

INSERT INTO Trainer (Title,TrainerName,LocationID) VALUES('Picnicker','Irene',35);

INSERT INTO Trainer (Title,TrainerName,LocationID) VALUES('Bird Keeper','Roger',35);

INSERT INTO Trainer (Title,TrainerName,LocationID) VALUES('Swimmer','Nora',35);

INSERT INTO Trainer (Title,TrainerName,LocationID) VALUES('Swimmer','Dean',35);

INSERT INTO Trainer (Title,TrainerName,LocationID) VALUES('Picnicker','Missy',35);

INSERT INTO Trainer (Title,TrainerName,LocationID) VALUES('Swimmer','Melissa',35);

INSERT INTO Trainer (Title,TrainerName,LocationID) VALUES('Youngster','Johnson',39);

INSERT INTO Trainer (Title,TrainerName,LocationID) VALUES('Scientist','Ted',39);

INSERT INTO Trainer (Title,TrainerName,LocationID) VALUES('Burglar','Arnie',39);

INSERT INTO Trainer (Title,TrainerName,LocationID) VALUES('Burglar','Simon',39);

INSERT INTO Trainer (Title,TrainerName,LocationID) VALUES('Scientist','Braydon',39);

INSERT INTO Trainer (Title,TrainerName,LocationID) VALUES('Burglar','Lewis',39);

INSERT INTO Trainer (Title,TrainerName,LocationID) VALUES('Scientist','Ivan',39);

INSERT INTO Trainer (Title,TrainerName,LocationID) VALUES('Burglar','Quinn',37);

INSERT INTO Trainer (Title,TrainerName,LocationID) VALUES('Super Nerd','Erik',37);

INSERT INTO Trainer (Title,TrainerName,LocationID) VALUES('Super Nerd','Avery',37);

INSERT INTO Trainer (Title,TrainerName,LocationID) VALUES('Burglar','Ramon',37);

INSERT INTO Trainer (Title,TrainerName,LocationID) VALUES('Super Nerd','Derek',37);

INSERT INTO Trainer (Title,TrainerName,LocationID) VALUES('Burglar','Dusty',37);

INSERT INTO Trainer (Title,TrainerName,LocationID) VALUES('Super Nerd','Zac',37);

INSERT INTO Trainer (Title,TrainerName,LocationID) VALUES('Leader','Blaine',37);

INSERT INTO Trainer (Title,TrainerName,LocationID) VALUES('Fisherman','Wade',40);

INSERT INTO Trainer (Title,TrainerName,LocationID) VALUES('Fisherman','Ronald',40);

INSERT INTO Trainer (Title,TrainerName,LocationID) VALUES('Sis & Bro','Lil & Ian',40);

INSERT INTO Trainer (Title,TrainerName,LocationID) VALUES('Swimmer','Spencer',40);

INSERT INTO Trainer (Title,TrainerName,LocationID) VALUES('Fisherman','Claude',40);

INSERT INTO Trainer (Title,TrainerName,LocationID) VALUES('Fisherman','Nolan',40);

INSERT INTO Trainer (Title,TrainerName,LocationID) VALUES('Swimmer','Jack',40);

INSERT INTO Trainer (Title,TrainerName,LocationID) VALUES('Swimmer','Roland',40);

INSERT INTO Trainer (Title,TrainerName,LocationID) VALUES('Swimmer','Jerome',40);

INSERT INTO Trainer (Title,TrainerName,LocationID) VALUES('Tamer','Cole',4);

INSERT INTO Trainer (Title,TrainerName,LocationID) VALUES('Black Belt','Kiyo',4);

INSERT INTO Trainer (Title,TrainerName,LocationID) VALUES('Cool Trainer','Samuel',4);

INSERT INTO Trainer (Title,TrainerName,LocationID) VALUES('Cool Trainer','Yuji',4);

INSERT INTO Trainer (Title,TrainerName,LocationID) VALUES('Black Belt','Atsushi',4);

INSERT INTO Trainer (Title,TrainerName,LocationID) VALUES('Tamer','Jason',4);

INSERT INTO Trainer (Title,TrainerName,LocationID) VALUES('Cool Trainer','Warren',4);

INSERT INTO Trainer (Title,TrainerName,LocationID) VALUES('Black Belt','Takashi',4);

INSERT INTO Trainer (Title,TrainerName,LocationID) VALUES('Leader','Giovannia',4);

INSERT INTO Trainer (Title,TrainerName,LocationID) VALUES('Cool Trainer','Naomi',43);

INSERT INTO Trainer (Title,TrainerName,LocationID) VALUES('Cool Trainer','Rolando',43);

INSERT INTO Trainer (Title,TrainerName,LocationID) VALUES('Black Belt','Daisuke',43);

INSERT INTO Trainer (Title,TrainerName,LocationID) VALUES('Juggler','Nelson',43);

INSERT INTO Trainer (Title,TrainerName,LocationID) VALUES('Tamer','Vincent',43);

INSERT INTO Trainer (Title,TrainerName,LocationID) VALUES('Juggler','Gregory',43);

INSERT INTO Trainer (Title,TrainerName,LocationID) VALUES('Cool Trainer','George',43);

INSERT INTO Trainer (Title,TrainerName,LocationID) VALUES('Pokemaniac','Dawson',43);

INSERT INTO Trainer (Title,TrainerName,LocationID) VALUES('Cool Trainer','Alexa',43);

INSERT INTO Trainer (Title,TrainerName,LocationID) VALUES('Cool Trainer','Colby',43);

INSERT INTO Trainer (Title,TrainerName,LocationID) VALUES('Cool Trainer','Caroline',43);

INSERT INTO Trainer (Title,TrainerName,LocationID) VALUES('Cool Couple','Ray & Tyra',43);

INSERT INTO Trainer (Title,TrainerName,LocationID) VALUES('Elite Four','Lorelei',44);

INSERT INTO Trainer (Title,TrainerName,LocationID) VALUES('Elite Four','Bruno',44);

INSERT INTO Trainer (Title,TrainerName,LocationID) VALUES('Elite Four','Agatha',44);

# Use this to into in Gym Table

INSERT INTO Gym (GymType,GymBadge,TrainerID,LocationID) VALUES('Rock','Boulder Badge',8, 7);

INSERT INTO Gym (GymType,GymBadge,TrainerID,LocationID) VALUES('Water','Cascade Badge',59, 11);

INSERT INTO Gym (GymType,GymBadge,TrainerID,LocationID) VALUES('Electric','Thunder Badge',96,16 );

INSERT INTO Gym (GymType,GymBadge,TrainerID,LocationID) VALUES('Plant','Rainbow Badge',147, 47);

INSERT INTO Gym (GymType,GymBadge,TrainerID,LocationID) VALUES('Poison','Soul Badge',203,31 );

INSERT INTO Gym (GymType,GymBadge,TrainerID,LocationID) VALUES('Psychic','Marsh Badge',246, 19);

INSERT INTO Gym (GymType,GymBadge,TrainerID,LocationID) VALUES('Fire','Volcano Badge',323, 37);

INSERT INTO Gym (GymType,GymBadge,TrainerID,LocationID) VALUES('Ground','Earth Badge',341, 4);

#This is the data for the PokemonTrainer table
#Viridian Forest
INSERT INTO TrainerPokemon (TrainerID,PokeDex,PokemonLevel) VALUES(1,13,6);

INSERT INTO TrainerPokemon (TrainerID,PokeDex,PokemonLevel) VALUES(1,10,6);

INSERT INTO TrainerPokemon (TrainerID,PokeDex,PokemonLevel) VALUES(2,13,7);

INSERT INTO TrainerPokemon (TrainerID,PokeDex,PokemonLevel) VALUES(2,14,7);

INSERT INTO TrainerPokemon (TrainerID,PokeDex,PokemonLevel) VALUES(2,13,7);

INSERT INTO TrainerPokemon (TrainerID,PokeDex,PokemonLevel) VALUES(3,10,7);

INSERT INTO TrainerPokemon (TrainerID,PokeDex,PokemonLevel) VALUES(3,10,8);

INSERT INTO TrainerPokemon (TrainerID,PokeDex,PokemonLevel) VALUES(4,11,7);

INSERT INTO TrainerPokemon (TrainerID,PokeDex,PokemonLevel) VALUES(4,10,7);

INSERT INTO TrainerPokemon (TrainerID,PokeDex,PokemonLevel) VALUES(4,11,7);

INSERT INTO TrainerPokemon (TrainerID,PokeDex,PokemonLevel) VALUES(5,13,9);
#Pewter City
INSERT INTO TrainerPokemon (TrainerID,PokeDex,PokemonLevel) VALUES(7,74,10);

INSERT INTO TrainerPokemon (TrainerID,PokeDex,PokemonLevel) VALUES(7,27,11);

INSERT INTO TrainerPokemon (TrainerID,PokeDex,PokemonLevel) VALUES(8,74,12);

INSERT INTO TrainerPokemon (TrainerID,PokeDex,PokemonLevel) VALUES(8,95,14);
#Route 3
INSERT INTO TrainerPokemon (TrainerID,PokeDex,PokemonLevel) VALUES(9,16,9);

INSERT INTO TrainerPokemon (TrainerID,PokeDex,PokemonLevel) VALUES(9,16,9);

INSERT INTO TrainerPokemon (TrainerID,PokeDex,PokemonLevel) VALUES(10,10,10);

INSERT INTO TrainerPokemon (TrainerID,PokeDex,PokemonLevel) VALUES(10,13,10);

INSERT INTO TrainerPokemon (TrainerID,PokeDex,PokemonLevel) VALUES(10,10,10);

INSERT INTO TrainerPokemon (TrainerID,PokeDex,PokemonLevel) VALUES(11,19,11);

INSERT INTO TrainerPokemon (TrainerID,PokeDex,PokemonLevel) VALUES(11,23,11);

INSERT INTO TrainerPokemon (TrainerID,PokeDex,PokemonLevel) VALUES(12,13,9);

INSERT INTO TrainerPokemon (TrainerID,PokeDex,PokemonLevel) VALUES(12,14,9);

INSERT INTO TrainerPokemon (TrainerID,PokeDex,PokemonLevel) VALUES(12,10,9);

INSERT INTO TrainerPokemon (TrainerID,PokeDex,PokemonLevel) VALUES(12,11,9);

INSERT INTO TrainerPokemon (TrainerID,PokeDex,PokemonLevel) VALUES(13,19,10);

INSERT INTO TrainerPokemon (TrainerID,PokeDex,PokemonLevel) VALUES(13,29,10);

INSERT INTO TrainerPokemon (TrainerID,PokeDex,PokemonLevel) VALUES(14,10,11);

INSERT INTO TrainerPokemon (TrainerID,PokeDex,PokemonLevel) VALUES(14,11,11);

INSERT INTO TrainerPokemon (TrainerID,PokeDex,PokemonLevel) VALUES(15,21,14);

INSERT INTO TrainerPokemon (TrainerID,PokeDex,PokemonLevel) VALUES(16,39,14);
#Mt. Moon
INSERT INTO TrainerPokemon (TrainerID,PokeDex,PokemonLevel) VALUES(17,35,14);

INSERT INTO TrainerPokemon (TrainerID,PokeDex,PokemonLevel) VALUES(18,13,11);

INSERT INTO TrainerPokemon (TrainerID,PokeDex,PokemonLevel) VALUES(18,14,11);

INSERT INTO TrainerPokemon (TrainerID,PokeDex,PokemonLevel) VALUES(19,81,11);

INSERT INTO TrainerPokemon (TrainerID,PokeDex,PokemonLevel) VALUES(19,100,11);

INSERT INTO TrainerPokemon (TrainerID,PokeDex,PokemonLevel) VALUES(20,10,10);

INSERT INTO TrainerPokemon (TrainerID,PokeDex,PokemonLevel) VALUES(20,11,10);

INSERT INTO TrainerPokemon (TrainerID,PokeDex,PokemonLevel) VALUES(20,10,10);

INSERT INTO TrainerPokemon (TrainerID,PokeDex,PokemonLevel) VALUES(21,43,11);

INSERT INTO TrainerPokemon (TrainerID,PokeDex,PokemonLevel) VALUES(21,69,11);

INSERT INTO TrainerPokemon (TrainerID,PokeDex,PokemonLevel) VALUES(22,27,11);

INSERT INTO TrainerPokemon (TrainerID,PokeDex,PokemonLevel) VALUES(22,19,11);

INSERT INTO TrainerPokemon (TrainerID,PokeDex,PokemonLevel) VALUES(22,41,11);

INSERT INTO TrainerPokemon (TrainerID,PokeDex,PokemonLevel) VALUES(23,41,11);

INSERT INTO TrainerPokemon (TrainerID,PokeDex,PokemonLevel) VALUES(23,23,11);

INSERT INTO TrainerPokemon (TrainerID,PokeDex,PokemonLevel) VALUES(24,19,10);

INSERT INTO TrainerPokemon (TrainerID,PokeDex,PokemonLevel) VALUES(24,19,10);

INSERT INTO TrainerPokemon (TrainerID,PokeDex,PokemonLevel) VALUES(24,41,10);

INSERT INTO TrainerPokemon (TrainerID,PokeDex,PokemonLevel) VALUES(25,74,10);

INSERT INTO TrainerPokemon (TrainerID,PokeDex,PokemonLevel) VALUES(25,74,10);

INSERT INTO TrainerPokemon (TrainerID,PokeDex,PokemonLevel) VALUES(25,95,10);

INSERT INTO TrainerPokemon (TrainerID,PokeDex,PokemonLevel) VALUES(26,19,13);

INSERT INTO TrainerPokemon (TrainerID,PokeDex,PokemonLevel) VALUES(26,27,13);

INSERT INTO TrainerPokemon (TrainerID,PokeDex,PokemonLevel) VALUES(27,19,13);

INSERT INTO TrainerPokemon (TrainerID,PokeDex,PokemonLevel) VALUES(27,41,13);

INSERT INTO TrainerPokemon (TrainerID,PokeDex,PokemonLevel) VALUES(28,88,12);

INSERT INTO TrainerPokemon (TrainerID,PokeDex,PokemonLevel) VALUES(28,100,12);

INSERT INTO TrainerPokemon (TrainerID,PokeDex,PokemonLevel) VALUES(28,109,12);
#Route 4
INSERT INTO TrainerPokemon (TrainerID,PokeDex,PokemonLevel) VALUES(40,46,31);

INSERT INTO TrainerPokemon (TrainerID,PokeDex,PokemonLevel) VALUES(40,46,31);

INSERT INTO TrainerPokemon (TrainerID,PokeDex,PokemonLevel) VALUES(40,47,31);
#Route 24
INSERT INTO TrainerPokemon (TrainerID,PokeDex,PokemonLevel) VALUES(41,10,10);

INSERT INTO TrainerPokemon (TrainerID,PokeDex,PokemonLevel) VALUES(41,13,10);

INSERT INTO TrainerPokemon (TrainerID,PokeDex,PokemonLevel) VALUES(41,11,10);

INSERT INTO TrainerPokemon (TrainerID,PokeDex,PokemonLevel) VALUES(41,14,10);

INSERT INTO TrainerPokemon (TrainerID,PokeDex,PokemonLevel) VALUES(42,16,12);

INSERT INTO TrainerPokemon (TrainerID,PokeDex,PokemonLevel) VALUES(42,43,12);

INSERT INTO TrainerPokemon (TrainerID,PokeDex,PokemonLevel) VALUES(42,69,12);

INSERT INTO TrainerPokemon (TrainerID,PokeDex,PokemonLevel) VALUES(43,27,14);

INSERT INTO TrainerPokemon (TrainerID,PokeDex,PokemonLevel) VALUES(43,23,14);

INSERT INTO TrainerPokemon (TrainerID,PokeDex,PokemonLevel) VALUES(44,32,16);

INSERT INTO TrainerPokemon (TrainerID,PokeDex,PokemonLevel) VALUES(44,29,16);

INSERT INTO TrainerPokemon (TrainerID,PokeDex,PokemonLevel) VALUES(45,56,18);

INSERT INTO TrainerPokemon (TrainerID,PokeDex,PokemonLevel) VALUES(46,23,15);

INSERT INTO TrainerPokemon (TrainerID,PokeDex,PokemonLevel) VALUES(46,41,15);

INSERT INTO TrainerPokemon (TrainerID,PokeDex,PokemonLevel) VALUES(47,19,14);

INSERT INTO TrainerPokemon (TrainerID,PokeDex,PokemonLevel) VALUES(47,23,14);
#Route 25
INSERT INTO TrainerPokemon (TrainerID,PokeDex,PokemonLevel) VALUES(48,66,15);

INSERT INTO TrainerPokemon (TrainerID,PokeDex,PokemonLevel) VALUES(48,74,15);

INSERT INTO TrainerPokemon (TrainerID,PokeDex,PokemonLevel) VALUES(49,95,17);

INSERT INTO TrainerPokemon (TrainerID,PokeDex,PokemonLevel) VALUES(50,19,15);

INSERT INTO TrainerPokemon (TrainerID,PokeDex,PokemonLevel) VALUES(50,21,15);

INSERT INTO TrainerPokemon (TrainerID,PokeDex,PokemonLevel) VALUES(51,79,17);

INSERT INTO TrainerPokemon (TrainerID,PokeDex,PokemonLevel) VALUES(52,32,15);

INSERT INTO TrainerPokemon (TrainerID,PokeDex,PokemonLevel) VALUES(52,29,15);

INSERT INTO TrainerPokemon (TrainerID,PokeDex,PokemonLevel) VALUES(53,74,13);

INSERT INTO TrainerPokemon (TrainerID,PokeDex,PokemonLevel) VALUES(53,74,13);

INSERT INTO TrainerPokemon (TrainerID,PokeDex,PokemonLevel) VALUES(53,66,13);

INSERT INTO TrainerPokemon (TrainerID,PokeDex,PokemonLevel) VALUES(53,74,13);

INSERT INTO TrainerPokemon (TrainerID,PokeDex,PokemonLevel) VALUES(54,19,14);

INSERT INTO TrainerPokemon (TrainerID,PokeDex,PokemonLevel) VALUES(54,23,14);

INSERT INTO TrainerPokemon (TrainerID,PokeDex,PokemonLevel) VALUES(55,23,14);

INSERT INTO TrainerPokemon (TrainerID,PokeDex,PokemonLevel) VALUES(55,19,14);

INSERT INTO TrainerPokemon (TrainerID,PokeDex,PokemonLevel) VALUES(56,43,13);

INSERT INTO TrainerPokemon (TrainerID,PokeDex,PokemonLevel) VALUES(56,16,13);

INSERT INTO TrainerPokemon (TrainerID,PokeDex,PokemonLevel) VALUES(56,43,13);
#Cerulean City
INSERT INTO TrainerPokemon (TrainerID,PokeDex,PokemonLevel) VALUES(57,116,16);

INSERT INTO TrainerPokemon (TrainerID,PokeDex,PokemonLevel) VALUES(57,90,16);

INSERT INTO TrainerPokemon (TrainerID,PokeDex,PokemonLevel) VALUES(58,118,19);

INSERT INTO TrainerPokemon (TrainerID,PokeDex,PokemonLevel) VALUES(59,120,18);

INSERT INTO TrainerPokemon (TrainerID,PokeDex,PokemonLevel) VALUES(59,121,21);

INSERT INTO TrainerPokemon (TrainerID,PokeDex,PokemonLevel) VALUES(60,66,17);

INSERT INTO TrainerPokemon (TrainerID,PokeDex,PokemonLevel) VALUES(60,96,17);
#Route 6
INSERT INTO TrainerPokemon (TrainerID,PokeDex,PokemonLevel) VALUES(61,13,16);

INSERT INTO TrainerPokemon (TrainerID,PokeDex,PokemonLevel) VALUES(61,10,16);

INSERT INTO TrainerPokemon (TrainerID,PokeDex,PokemonLevel) VALUES(61,13,16);

INSERT INTO TrainerPokemon (TrainerID,PokeDex,PokemonLevel) VALUES(62,7,20);

INSERT INTO TrainerPokemon (TrainerID,PokeDex,PokemonLevel) VALUES(63,19,16);

INSERT INTO TrainerPokemon (TrainerID,PokeDex,PokemonLevel) VALUES(63,25,16);

INSERT INTO TrainerPokemon (TrainerID,PokeDex,PokemonLevel) VALUES(64,12,20);

INSERT INTO TrainerPokemon (TrainerID,PokeDex,PokemonLevel) VALUES(65,16,16);

INSERT INTO TrainerPokemon (TrainerID,PokeDex,PokemonLevel) VALUES(65,16,16);

INSERT INTO TrainerPokemon (TrainerID,PokeDex,PokemonLevel) VALUES(65,16,16);

INSERT INTO TrainerPokemon (TrainerID,PokeDex,PokemonLevel) VALUES(66,21,16);

INSERT INTO TrainerPokemon (TrainerID,PokeDex,PokemonLevel) VALUES(66,19,16);
#Route 11
INSERT INTO TrainerPokemon (TrainerID,PokeDex,PokemonLevel) VALUES(67,23,21);

INSERT INTO TrainerPokemon (TrainerID,PokeDex,PokemonLevel) VALUES(68,60,18);

INSERT INTO TrainerPokemon (TrainerID,PokeDex,PokemonLevel) VALUES(68,116,18);

INSERT INTO TrainerPokemon (TrainerID,PokeDex,PokemonLevel) VALUES(69,81,18);

INSERT INTO TrainerPokemon (TrainerID,PokeDex,PokemonLevel) VALUES(69,81,18);

INSERT INTO TrainerPokemon (TrainerID,PokeDex,PokemonLevel) VALUES(69,82,18);

INSERT INTO TrainerPokemon (TrainerID,PokeDex,PokemonLevel) VALUES(70,69,18);

INSERT INTO TrainerPokemon (TrainerID,PokeDex,PokemonLevel) VALUES(70,43,18);

INSERT INTO TrainerPokemon (TrainerID,PokeDex,PokemonLevel) VALUES(71,32,18);

INSERT INTO TrainerPokemon (TrainerID,PokeDex,PokemonLevel) VALUES(71,33,18);

INSERT INTO TrainerPokemon (TrainerID,PokeDex,PokemonLevel) VALUES(72,27,19);

INSERT INTO TrainerPokemon (TrainerID,PokeDex,PokemonLevel) VALUES(72,41,19);

INSERT INTO TrainerPokemon (TrainerID,PokeDex,PokemonLevel) VALUES(73,81,21);

INSERT INTO TrainerPokemon (TrainerID,PokeDex,PokemonLevel) VALUES(74,19,17);

INSERT INTO TrainerPokemon (TrainerID,PokeDex,PokemonLevel) VALUES(74,19,17);

INSERT INTO TrainerPokemon (TrainerID,PokeDex,PokemonLevel) VALUES(74,20,17);

INSERT INTO TrainerPokemon (TrainerID,PokeDex,PokemonLevel) VALUES(75,59,18);

INSERT INTO TrainerPokemon (TrainerID,PokeDex,PokemonLevel) VALUES(75,37,18);

INSERT INTO TrainerPokemon (TrainerID,PokeDex,PokemonLevel) VALUES(76,100,18);

INSERT INTO TrainerPokemon (TrainerID,PokeDex,PokemonLevel) VALUES(76,81,18);
#SS Anne
INSERT INTO TrainerPokemon (TrainerID,PokeDex,PokemonLevel) VALUES(77,72,17);

INSERT INTO TrainerPokemon (TrainerID,PokeDex,PokemonLevel) VALUES(77,120,17);

INSERT INTO TrainerPokemon (TrainerID,PokeDex,PokemonLevel) VALUES(77,90,17);

INSERT INTO TrainerPokemon (TrainerID,PokeDex,PokemonLevel) VALUES(78,66,20);

INSERT INTO TrainerPokemon (TrainerID,PokeDex,PokemonLevel) VALUES(79,72,18);

INSERT INTO TrainerPokemon (TrainerID,PokeDex,PokemonLevel) VALUES(79,120,18);

INSERT INTO TrainerPokemon (TrainerID,PokeDex,PokemonLevel) VALUES(80,116,17);

INSERT INTO TrainerPokemon (TrainerID,PokeDex,PokemonLevel) VALUES(80,116,17);

INSERT INTO TrainerPokemon (TrainerID,PokeDex,PokemonLevel) VALUES(80,116,17);

INSERT INTO TrainerPokemon (TrainerID,PokeDex,PokemonLevel) VALUES(80,116,17);

INSERT INTO TrainerPokemon (TrainerID,PokeDex,PokemonLevel) VALUES(81,116,17);

INSERT INTO TrainerPokemon (TrainerID,PokeDex,PokemonLevel) VALUES(81,90,17);

INSERT INTO TrainerPokemon (TrainerID,PokeDex,PokemonLevel) VALUES(81,72,17);

INSERT INTO TrainerPokemon (TrainerID,PokeDex,PokemonLevel) VALUES(82,90,21);

INSERT INTO TrainerPokemon (TrainerID,PokeDex,PokemonLevel) VALUES(83,58,18);

INSERT INTO TrainerPokemon (TrainerID,PokeDex,PokemonLevel) VALUES(83,58,18);

INSERT INTO TrainerPokemon (TrainerID,PokeDex,PokemonLevel) VALUES(84,32,19);

INSERT INTO TrainerPokemon (TrainerID,PokeDex,PokemonLevel) VALUES(84,29,19);

INSERT INTO TrainerPokemon (TrainerID,PokeDex,PokemonLevel) VALUES(85,16,18);

INSERT INTO TrainerPokemon (TrainerID,PokeDex,PokemonLevel) VALUES(85,29,18);

INSERT INTO TrainerPokemon (TrainerID,PokeDex,PokemonLevel) VALUES(86,32,21);

INSERT INTO TrainerPokemon (TrainerID,PokeDex,PokemonLevel) VALUES(87,66,17);

INSERT INTO TrainerPokemon (TrainerID,PokeDex,PokemonLevel) VALUES(87,72,17);

INSERT INTO TrainerPokemon (TrainerID,PokeDex,PokemonLevel) VALUES(88,66,18);

INSERT INTO TrainerPokemon (TrainerID,PokeDex,PokemonLevel) VALUES(88,90,18);

INSERT INTO TrainerPokemon (TrainerID,PokeDex,PokemonLevel) VALUES(89,118,17);

INSERT INTO TrainerPokemon (TrainerID,PokeDex,PokemonLevel) VALUES(89,72,17);

INSERT INTO TrainerPokemon (TrainerID,PokeDex,PokemonLevel) VALUES(89,118,17);

INSERT INTO TrainerPokemon (TrainerID,PokeDex,PokemonLevel) VALUES(90,25,23);

INSERT INTO TrainerPokemon (TrainerID,PokeDex,PokemonLevel) VALUES(91,19,18);

INSERT INTO TrainerPokemon (TrainerID,PokeDex,PokemonLevel) VALUES(91,25,18);

INSERT INTO TrainerPokemon (TrainerID,PokeDex,PokemonLevel) VALUES(92,58,17);

INSERT INTO TrainerPokemon (TrainerID,PokeDex,PokemonLevel) VALUES(92,77,17);
#Vermillion City
INSERT INTO TrainerPokemon (TrainerID,PokeDex,PokemonLevel) VALUES(93,25,21);

INSERT INTO TrainerPokemon (TrainerID,PokeDex,PokemonLevel) VALUES(93,25,21);

INSERT INTO TrainerPokemon (TrainerID,PokeDex,PokemonLevel) VALUES(94,100,21);

INSERT INTO TrainerPokemon (TrainerID,PokeDex,PokemonLevel) VALUES(94,81,21);

INSERT INTO TrainerPokemon (TrainerID,PokeDex,PokemonLevel) VALUES(95,25,23);

INSERT INTO TrainerPokemon (TrainerID,PokeDex,PokemonLevel) VALUES(96,100,21);

INSERT INTO TrainerPokemon (TrainerID,PokeDex,PokemonLevel) VALUES(96,25,18);

INSERT INTO TrainerPokemon (TrainerID,PokeDex,PokemonLevel) VALUES(96,26,24);
#Route 9
INSERT INTO TrainerPokemon (TrainerID,PokeDex,PokemonLevel) VALUES(97,43,18);

INSERT INTO TrainerPokemon (TrainerID,PokeDex,PokemonLevel) VALUES(97,69,18);

INSERT INTO TrainerPokemon (TrainerID,PokeDex,PokemonLevel) VALUES(97,43,18);

INSERT INTO TrainerPokemon (TrainerID,PokeDex,PokemonLevel) VALUES(97,69,18);

INSERT INTO TrainerPokemon (TrainerID,PokeDex,PokemonLevel) VALUES(98,66,20);

INSERT INTO TrainerPokemon (TrainerID,PokeDex,PokemonLevel) VALUES(98,95,20);

INSERT INTO TrainerPokemon (TrainerID,PokeDex,PokemonLevel) VALUES(99,58,21);

INSERT INTO TrainerPokemon (TrainerID,PokeDex,PokemonLevel) VALUES(99,4,21);

INSERT INTO TrainerPokemon (TrainerID,PokeDex,PokemonLevel) VALUES(100,15,19);

INSERT INTO TrainerPokemon (TrainerID,PokeDex,PokemonLevel) VALUES(100,15,19);

INSERT INTO TrainerPokemon (TrainerID,PokeDex,PokemonLevel) VALUES(101,10,20);

INSERT INTO TrainerPokemon (TrainerID,PokeDex,PokemonLevel) VALUES(101,13,20);

INSERT INTO TrainerPokemon (TrainerID,PokeDex,PokemonLevel) VALUES(101,28,20);

INSERT INTO TrainerPokemon (TrainerID,PokeDex,PokemonLevel) VALUES(102,19,19);

INSERT INTO TrainerPokemon (TrainerID,PokeDex,PokemonLevel) VALUES(102,27,19);

INSERT INTO TrainerPokemon (TrainerID,PokeDex,PokemonLevel) VALUES(102,23,19);

INSERT INTO TrainerPokemon (TrainerID,PokeDex,PokemonLevel) VALUES(102,27,19);

INSERT INTO TrainerPokemon (TrainerID,PokeDex,PokemonLevel) VALUES(103,74,21);

INSERT INTO TrainerPokemon (TrainerID,PokeDex,PokemonLevel) VALUES(103,95,21);

INSERT INTO TrainerPokemon (TrainerID,PokeDex,PokemonLevel) VALUES(104,74,20);

INSERT INTO TrainerPokemon (TrainerID,PokeDex,PokemonLevel) VALUES(104,66,20);

INSERT INTO TrainerPokemon (TrainerID,PokeDex,PokemonLevel) VALUES(104,74,20);

INSERT INTO TrainerPokemon (TrainerID,PokeDex,PokemonLevel) VALUES(105,52,24);
#Route 10
INSERT INTO TrainerPokemon (TrainerID,PokeDex,PokemonLevel) VALUES(106,25,20);

INSERT INTO TrainerPokemon (TrainerID,PokeDex,PokemonLevel) VALUES(106,35,20);

INSERT INTO TrainerPokemon (TrainerID,PokeDex,PokemonLevel) VALUES(107,16,21);

INSERT INTO TrainerPokemon (TrainerID,PokeDex,PokemonLevel) VALUES(107,17,21);

INSERT INTO TrainerPokemon (TrainerID,PokeDex,PokemonLevel) VALUES(108,74,21);

INSERT INTO TrainerPokemon (TrainerID,PokeDex,PokemonLevel) VALUES(108,95,21);

INSERT INTO TrainerPokemon (TrainerID,PokeDex,PokemonLevel) VALUES(109,95,19);

INSERT INTO TrainerPokemon (TrainerID,PokeDex,PokemonLevel) VALUES(109,75,19);

INSERT INTO TrainerPokemon (TrainerID,PokeDex,PokemonLevel) VALUES(111,104,20);

INSERT INTO TrainerPokemon (TrainerID,PokeDex,PokemonLevel) VALUES(111,79,20);

INSERT INTO TrainerPokemon (TrainerID,PokeDex,PokemonLevel) VALUES(112,111,29);

INSERT INTO TrainerPokemon (TrainerID,PokeDex,PokemonLevel) VALUES(112,108,29);
#Rock Tunnel
INSERT INTO TrainerPokemon (TrainerID,PokeDex,PokemonLevel) VALUES(113,104,23);

INSERT INTO TrainerPokemon (TrainerID,PokeDex,PokemonLevel) VALUES(113,79,23);

INSERT INTO TrainerPokemon (TrainerID,PokeDex,PokemonLevel) VALUES(114,79,25);

INSERT INTO TrainerPokemon (TrainerID,PokeDex,PokemonLevel) VALUES(115,43,22);

INSERT INTO TrainerPokemon (TrainerID,PokeDex,PokemonLevel) VALUES(115,1,22);

INSERT INTO TrainerPokemon (TrainerID,PokeDex,PokemonLevel) VALUES(116,4,22);

INSERT INTO TrainerPokemon (TrainerID,PokeDex,PokemonLevel) VALUES(116,104,22);

INSERT INTO TrainerPokemon (TrainerID,PokeDex,PokemonLevel) VALUES(117,74,25);

INSERT INTO TrainerPokemon (TrainerID,PokeDex,PokemonLevel) VALUES(118,66,20);

INSERT INTO TrainerPokemon (TrainerID,PokeDex,PokemonLevel) VALUES(118,95,20);

INSERT INTO TrainerPokemon (TrainerID,PokeDex,PokemonLevel) VALUES(119,74,19);

INSERT INTO TrainerPokemon (TrainerID,PokeDex,PokemonLevel) VALUES(119,66,19);

INSERT INTO TrainerPokemon (TrainerID,PokeDex,PokemonLevel) VALUES(119,74,19);

INSERT INTO TrainerPokemon (TrainerID,PokeDex,PokemonLevel) VALUES(119,74,19);

INSERT INTO TrainerPokemon (TrainerID,PokeDex,PokemonLevel) VALUES(120,95,20);

INSERT INTO TrainerPokemon (TrainerID,PokeDex,PokemonLevel) VALUES(120,95,20);

INSERT INTO TrainerPokemon (TrainerID,PokeDex,PokemonLevel) VALUES(120,74,20);

INSERT INTO TrainerPokemon (TrainerID,PokeDex,PokemonLevel) VALUES(121,74,21);

INSERT INTO TrainerPokemon (TrainerID,PokeDex,PokemonLevel) VALUES(121,75,21);

INSERT INTO TrainerPokemon (TrainerID,PokeDex,PokemonLevel) VALUES(122,39,21);

INSERT INTO TrainerPokemon (TrainerID,PokeDex,PokemonLevel) VALUES(122,16,21);

INSERT INTO TrainerPokemon (TrainerID,PokeDex,PokemonLevel) VALUES(122,52,21);

INSERT INTO TrainerPokemon (TrainerID,PokeDex,PokemonLevel) VALUES(123,74,21);

INSERT INTO TrainerPokemon (TrainerID,PokeDex,PokemonLevel) VALUES(123,74,21);

INSERT INTO TrainerPokemon (TrainerID,PokeDex,PokemonLevel) VALUES(123,75,21);

INSERT INTO TrainerPokemon (TrainerID,PokeDex,PokemonLevel) VALUES(124,79,20);

INSERT INTO TrainerPokemon (TrainerID,PokeDex,PokemonLevel) VALUES(124,79,20);

INSERT INTO TrainerPokemon (TrainerID,PokeDex,PokemonLevel) VALUES(124,79,20);

INSERT INTO TrainerPokemon (TrainerID,PokeDex,PokemonLevel) VALUES(125,69,22);

INSERT INTO TrainerPokemon (TrainerID,PokeDex,PokemonLevel) VALUES(125,35,22);

INSERT INTO TrainerPokemon (TrainerID,PokeDex,PokemonLevel) VALUES(126,16,19);

INSERT INTO TrainerPokemon (TrainerID,PokeDex,PokemonLevel) VALUES(126,19,19);

INSERT INTO TrainerPokemon (TrainerID,PokeDex,PokemonLevel) VALUES(126,19,19);

INSERT INTO TrainerPokemon (TrainerID,PokeDex,PokemonLevel) VALUES(126,69,19);

INSERT INTO TrainerPokemon (TrainerID,PokeDex,PokemonLevel) VALUES(127,52,20);

INSERT INTO TrainerPokemon (TrainerID,PokeDex,PokemonLevel) VALUES(127,43,20);

INSERT INTO TrainerPokemon (TrainerID,PokeDex,PokemonLevel) VALUES(127,16,20);
#Route 8
INSERT INTO TrainerPokemon (TrainerID,PokeDex,PokemonLevel) VALUES(128,35,22);

INSERT INTO TrainerPokemon (TrainerID,PokeDex,PokemonLevel) VALUES(128,35,22);

INSERT INTO TrainerPokemon (TrainerID,PokeDex,PokemonLevel) VALUES(129,58,24);

INSERT INTO TrainerPokemon (TrainerID,PokeDex,PokemonLevel) VALUES(129,37,24);

INSERT INTO TrainerPokemon (TrainerID,PokeDex,PokemonLevel) VALUES(130,88,22);

INSERT INTO TrainerPokemon (TrainerID,PokeDex,PokemonLevel) VALUES(130,89,22);

INSERT INTO TrainerPokemon (TrainerID,PokeDex,PokemonLevel) VALUES(130,88,22);

INSERT INTO TrainerPokemon (TrainerID,PokeDex,PokemonLevel) VALUES(131,35,22);

INSERT INTO TrainerPokemon (TrainerID,PokeDex,PokemonLevel) VALUES(131,39,22);

INSERT INTO TrainerPokemon (TrainerID,PokeDex,PokemonLevel) VALUES(132,16,19);

INSERT INTO TrainerPokemon (TrainerID,PokeDex,PokemonLevel) VALUES(132,19,19);

INSERT INTO TrainerPokemon (TrainerID,PokeDex,PokemonLevel) VALUES(132,32,19);

INSERT INTO TrainerPokemon (TrainerID,PokeDex,PokemonLevel) VALUES(132,52,19);

INSERT INTO TrainerPokemon (TrainerID,PokeDex,PokemonLevel) VALUES(132,25,19);

INSERT INTO TrainerPokemon (TrainerID,PokeDex,PokemonLevel) VALUES(133,52,24);

INSERT INTO TrainerPokemon (TrainerID,PokeDex,PokemonLevel) VALUES(133,52,24);

INSERT INTO TrainerPokemon (TrainerID,PokeDex,PokemonLevel) VALUES(133,52,24);

INSERT INTO TrainerPokemon (TrainerID,PokeDex,PokemonLevel) VALUES(134,109,26);

INSERT INTO TrainerPokemon (TrainerID,PokeDex,PokemonLevel) VALUES(135,29,23);

INSERT INTO TrainerPokemon (TrainerID,PokeDex,PokemonLevel) VALUES(135,30,23);

INSERT INTO TrainerPokemon (TrainerID,PokeDex,PokemonLevel) VALUES(136,88,24);

INSERT INTO TrainerPokemon (TrainerID,PokeDex,PokemonLevel) VALUES(136,88,24);

INSERT INTO TrainerPokemon (TrainerID,PokeDex,PokemonLevel) VALUES(137,109,22);

INSERT INTO TrainerPokemon (TrainerID,PokeDex,PokemonLevel) VALUES(137,109,22);

INSERT INTO TrainerPokemon (TrainerID,PokeDex,PokemonLevel) VALUES(137,88,23);

INSERT INTO TrainerPokemon (TrainerID,PokeDex,PokemonLevel) VALUES(138,100,20);

INSERT INTO TrainerPokemon (TrainerID,PokeDex,PokemonLevel) VALUES(138,109,20);

INSERT INTO TrainerPokemon (TrainerID,PokeDex,PokemonLevel) VALUES(138,100,20);

INSERT INTO TrainerPokemon (TrainerID,PokeDex,PokemonLevel) VALUES(138,81,20);

INSERT INTO TrainerPokemon (TrainerID,PokeDex,PokemonLevel) VALUES(139,60,22);

INSERT INTO TrainerPokemon (TrainerID,PokeDex,PokemonLevel) VALUES(139,60,22);

INSERT INTO TrainerPokemon (TrainerID,PokeDex,PokemonLevel) VALUES(139,61,22);
#Celadon City
INSERT INTO TrainerPokemon (TrainerID,PokeDex,PokemonLevel) VALUES(140,69,23);

INSERT INTO TrainerPokemon (TrainerID,PokeDex,PokemonLevel) VALUES(140,70,23);

INSERT INTO TrainerPokemon (TrainerID,PokeDex,PokemonLevel) VALUES(141,43,21);

INSERT INTO TrainerPokemon (TrainerID,PokeDex,PokemonLevel) VALUES(141,69,21);

INSERT INTO TrainerPokemon (TrainerID,PokeDex,PokemonLevel) VALUES(141,43,21);

INSERT INTO TrainerPokemon (TrainerID,PokeDex,PokemonLevel) VALUES(141,69,21);

INSERT INTO TrainerPokemon (TrainerID,PokeDex,PokemonLevel) VALUES(142,1,24);

INSERT INTO TrainerPokemon (TrainerID,PokeDex,PokemonLevel) VALUES(142,2,24);

INSERT INTO TrainerPokemon (TrainerID,PokeDex,PokemonLevel) VALUES(143,69,24);

INSERT INTO TrainerPokemon (TrainerID,PokeDex,PokemonLevel) VALUES(143,69,24);

INSERT INTO TrainerPokemon (TrainerID,PokeDex,PokemonLevel) VALUES(144,102,24);

INSERT INTO TrainerPokemon (TrainerID,PokeDex,PokemonLevel) VALUES(145,43,23);

INSERT INTO TrainerPokemon (TrainerID,PokeDex,PokemonLevel) VALUES(145,44,23);

INSERT INTO TrainerPokemon (TrainerID,PokeDex,PokemonLevel) VALUES(146,69,22);

INSERT INTO TrainerPokemon (TrainerID,PokeDex,PokemonLevel) VALUES(146,43,22);

INSERT INTO TrainerPokemon (TrainerID,PokeDex,PokemonLevel) VALUES(146,70,22);

INSERT INTO TrainerPokemon (TrainerID,PokeDex,PokemonLevel) VALUES(146,44,22);

INSERT INTO TrainerPokemon (TrainerID,PokeDex,PokemonLevel) VALUES(146,2,22);

INSERT INTO TrainerPokemon (TrainerID,PokeDex,PokemonLevel) VALUES(147,71,29);

INSERT INTO TrainerPokemon (TrainerID,PokeDex,PokemonLevel) VALUES(147,114,24);

INSERT INTO TrainerPokemon (TrainerID,PokeDex,PokemonLevel) VALUES(147,45,29);
#Team Rocket Hideout
INSERT INTO TrainerPokemon (TrainerID,PokeDex,PokemonLevel) VALUES(148,20,20);

INSERT INTO TrainerPokemon (TrainerID,PokeDex,PokemonLevel) VALUES(148,41,20);

INSERT INTO TrainerPokemon (TrainerID,PokeDex,PokemonLevel) VALUES(149,20,21);

INSERT INTO TrainerPokemon (TrainerID,PokeDex,PokemonLevel) VALUES(149,20,21);

INSERT INTO TrainerPokemon (TrainerID,PokeDex,PokemonLevel) VALUES(150,96,21);

INSERT INTO TrainerPokemon (TrainerID,PokeDex,PokemonLevel) VALUES(150,66,21);

INSERT INTO TrainerPokemon (TrainerID,PokeDex,PokemonLevel) VALUES(151,19,19);

INSERT INTO TrainerPokemon (TrainerID,PokeDex,PokemonLevel) VALUES(151,20,19);

INSERT INTO TrainerPokemon (TrainerID,PokeDex,PokemonLevel) VALUES(151,20,19);

INSERT INTO TrainerPokemon (TrainerID,PokeDex,PokemonLevel) VALUES(151,19,19);

INSERT INTO TrainerPokemon (TrainerID,PokeDex,PokemonLevel) VALUES(152,88,20);

INSERT INTO TrainerPokemon (TrainerID,PokeDex,PokemonLevel) VALUES(152,109,20);

INSERT INTO TrainerPokemon (TrainerID,PokeDex,PokemonLevel) VALUES(152,109,20);

INSERT INTO TrainerPokemon (TrainerID,PokeDex,PokemonLevel) VALUES(153,88,22);

INSERT INTO TrainerPokemon (TrainerID,PokeDex,PokemonLevel) VALUES(153,109,22);

INSERT INTO TrainerPokemon (TrainerID,PokeDex,PokemonLevel) VALUES(154,41,17);

INSERT INTO TrainerPokemon (TrainerID,PokeDex,PokemonLevel) VALUES(154,109,17);

INSERT INTO TrainerPokemon (TrainerID,PokeDex,PokemonLevel) VALUES(154,88,17);

INSERT INTO TrainerPokemon (TrainerID,PokeDex,PokemonLevel) VALUES(154,41,17);

INSERT INTO TrainerPokemon (TrainerID,PokeDex,PokemonLevel) VALUES(154,20,17);

INSERT INTO TrainerPokemon (TrainerID,PokeDex,PokemonLevel) VALUES(155,66,21);

INSERT INTO TrainerPokemon (TrainerID,PokeDex,PokemonLevel) VALUES(155,66,21);

INSERT INTO TrainerPokemon (TrainerID,PokeDex,PokemonLevel) VALUES(156,19,20);

INSERT INTO TrainerPokemon (TrainerID,PokeDex,PokemonLevel) VALUES(156,20,20);

INSERT INTO TrainerPokemon (TrainerID,PokeDex,PokemonLevel) VALUES(156,96,20);

INSERT INTO TrainerPokemon (TrainerID,PokeDex,PokemonLevel) VALUES(157,109,21);

INSERT INTO TrainerPokemon (TrainerID,PokeDex,PokemonLevel) VALUES(157,41,21);

INSERT INTO TrainerPokemon (TrainerID,PokeDex,PokemonLevel) VALUES(158,27,23);

INSERT INTO TrainerPokemon (TrainerID,PokeDex,PokemonLevel) VALUES(158,23,23);

INSERT INTO TrainerPokemon (TrainerID,PokeDex,PokemonLevel) VALUES(158,28,23);

#Missing Team Rocket Grunt

INSERT INTO TrainerPokemon (TrainerID,PokeDex,PokemonLevel) VALUES(159,95,25);

INSERT INTO TrainerPokemon (TrainerID,PokeDex,PokemonLevel) VALUES(159,111,24);

INSERT INTO TrainerPokemon (TrainerID,PokeDex,PokemonLevel) VALUES(159,115,29);
#Pokemon Tower
INSERT INTO TrainerPokemon (TrainerID,PokeDex,PokemonLevel) VALUES(160,92,23);

INSERT INTO TrainerPokemon (TrainerID,PokeDex,PokemonLevel) VALUES(161,92,22);

INSERT INTO TrainerPokemon (TrainerID,PokeDex,PokemonLevel) VALUES(162,92,24);

INSERT INTO TrainerPokemon (TrainerID,PokeDex,PokemonLevel) VALUES(163,92,23);

INSERT INTO TrainerPokemon (TrainerID,PokeDex,PokemonLevel) VALUES(163,92,23);

INSERT INTO TrainerPokemon (TrainerID,PokeDex,PokemonLevel) VALUES(164,92,22);

INSERT INTO TrainerPokemon (TrainerID,PokeDex,PokemonLevel) VALUES(165,92,24);

INSERT INTO TrainerPokemon (TrainerID,PokeDex,PokemonLevel) VALUES(166,92,22);

INSERT INTO TrainerPokemon (TrainerID,PokeDex,PokemonLevel) VALUES(167,93,23);

INSERT INTO TrainerPokemon (TrainerID,PokeDex,PokemonLevel) VALUES(168,92,24);

INSERT INTO TrainerPokemon (TrainerID,PokeDex,PokemonLevel) VALUES(169,92,22);

INSERT INTO TrainerPokemon (TrainerID,PokeDex,PokemonLevel) VALUES(170,92,22);

INSERT INTO TrainerPokemon (TrainerID,PokeDex,PokemonLevel) VALUES(170,92,22);

INSERT INTO TrainerPokemon (TrainerID,PokeDex,PokemonLevel) VALUES(170,92,22);

INSERT INTO TrainerPokemon (TrainerID,PokeDex,PokemonLevel) VALUES(171,92,24);

INSERT INTO TrainerPokemon (TrainerID,PokeDex,PokemonLevel) VALUES(172,92,24);

INSERT INTO TrainerPokemon (TrainerID,PokeDex,PokemonLevel) VALUES(173,41,25);

INSERT INTO TrainerPokemon (TrainerID,PokeDex,PokemonLevel) VALUES(173,41,25);

INSERT INTO TrainerPokemon (TrainerID,PokeDex,PokemonLevel) VALUES(173,42,25);

INSERT INTO TrainerPokemon (TrainerID,PokeDex,PokemonLevel) VALUES(174,109,26);

INSERT INTO TrainerPokemon (TrainerID,PokeDex,PokemonLevel) VALUES(174,96,26);

INSERT INTO TrainerPokemon (TrainerID,PokeDex,PokemonLevel) VALUES(175,41,23);

INSERT INTO TrainerPokemon (TrainerID,PokeDex,PokemonLevel) VALUES(175,19,23);

INSERT INTO TrainerPokemon (TrainerID,PokeDex,PokemonLevel) VALUES(175,20,23);

INSERT INTO TrainerPokemon (TrainerID,PokeDex,PokemonLevel) VALUES(175,41,23);
#Route 16
INSERT INTO TrainerPokemon (TrainerID,PokeDex,PokemonLevel) VALUES(177,38,29);

INSERT INTO TrainerPokemon (TrainerID,PokeDex,PokemonLevel) VALUES(177,78,29);

INSERT INTO TrainerPokemon (TrainerID,PokeDex,PokemonLevel) VALUES(178,88,29);

INSERT INTO TrainerPokemon (TrainerID,PokeDex,PokemonLevel) VALUES(178,109,29);

INSERT INTO TrainerPokemon (TrainerID,PokeDex,PokemonLevel) VALUES(179,56,29);

INSERT INTO TrainerPokemon (TrainerID,PokeDex,PokemonLevel) VALUES(179,66,29);

INSERT INTO TrainerPokemon (TrainerID,PokeDex,PokemonLevel) VALUES(180,66,28);

INSERT INTO TrainerPokemon (TrainerID,PokeDex,PokemonLevel) VALUES(180,56,28);

INSERT INTO TrainerPokemon (TrainerID,PokeDex,PokemonLevel) VALUES(180,66,28);

INSERT INTO TrainerPokemon (TrainerID,PokeDex,PokemonLevel) VALUES(181,110,33);

INSERT INTO TrainerPokemon (TrainerID,PokeDex,PokemonLevel) VALUES(182,109,28);

INSERT INTO TrainerPokemon (TrainerID,PokeDex,PokemonLevel) VALUES(182,110,28);

INSERT INTO TrainerPokemon (TrainerID,PokeDex,PokemonLevel) VALUES(182,109,28);

INSERT INTO TrainerPokemon (TrainerID,PokeDex,PokemonLevel) VALUES(183,56,29);

INSERT INTO TrainerPokemon (TrainerID,PokeDex,PokemonLevel) VALUES(183,66,29);
#Route 17
INSERT INTO TrainerPokemon (TrainerID,PokeDex,PokemonLevel) VALUES(184,66,29);

INSERT INTO TrainerPokemon (TrainerID,PokeDex,PokemonLevel) VALUES(184,68,29);

INSERT INTO TrainerPokemon (TrainerID,PokeDex,PokemonLevel) VALUES(185,109,28);

INSERT INTO TrainerPokemon (TrainerID,PokeDex,PokemonLevel) VALUES(185,110,28);

INSERT INTO TrainerPokemon (TrainerID,PokeDex,PokemonLevel) VALUES(185,109,28);

INSERT INTO TrainerPokemon (TrainerID,PokeDex,PokemonLevel) VALUES(186,56,29);

INSERT INTO TrainerPokemon (TrainerID,PokeDex,PokemonLevel) VALUES(186,57,29);

INSERT INTO TrainerPokemon (TrainerID,PokeDex,PokemonLevel) VALUES(187,89,33);

INSERT INTO TrainerPokemon (TrainerID,PokeDex,PokemonLevel) VALUES(188,100,29);

INSERT INTO TrainerPokemon (TrainerID,PokeDex,PokemonLevel) VALUES(188,100,29);

INSERT INTO TrainerPokemon (TrainerID,PokeDex,PokemonLevel) VALUES(189,67,33);

INSERT INTO TrainerPokemon (TrainerID,PokeDex,PokemonLevel) VALUES(190,57,29);

INSERT INTO TrainerPokemon (TrainerID,PokeDex,PokemonLevel) VALUES(190,67,29);

INSERT INTO TrainerPokemon (TrainerID,PokeDex,PokemonLevel) VALUES(191,110,29);

INSERT INTO TrainerPokemon (TrainerID,PokeDex,PokemonLevel) VALUES(191,89,29);

INSERT INTO TrainerPokemon (TrainerID,PokeDex,PokemonLevel) VALUES(192,56,26);

INSERT INTO TrainerPokemon (TrainerID,PokeDex,PokemonLevel) VALUES(192,56,26);

INSERT INTO TrainerPokemon (TrainerID,PokeDex,PokemonLevel) VALUES(192,68,26);

INSERT INTO TrainerPokemon (TrainerID,PokeDex,PokemonLevel) VALUES(192,66,26);

INSERT INTO TrainerPokemon (TrainerID,PokeDex,PokemonLevel) VALUES(193,109,25);

INSERT INTO TrainerPokemon (TrainerID,PokeDex,PokemonLevel) VALUES(193,110,25);

INSERT INTO TrainerPokemon (TrainerID,PokeDex,PokemonLevel) VALUES(193,109,25);

INSERT INTO TrainerPokemon (TrainerID,PokeDex,PokemonLevel) VALUES(193,109,25);

INSERT INTO TrainerPokemon (TrainerID,PokeDex,PokemonLevel) VALUES(193,110,25);
#Route 18
INSERT INTO TrainerPokemon (TrainerID,PokeDex,PokemonLevel) VALUES(194,21,26);

INSERT INTO TrainerPokemon (TrainerID,PokeDex,PokemonLevel) VALUES(194,21,236);

INSERT INTO TrainerPokemon (TrainerID,PokeDex,PokemonLevel) VALUES(194,22,26);

INSERT INTO TrainerPokemon (TrainerID,PokeDex,PokemonLevel) VALUES(194,21,26);

INSERT INTO TrainerPokemon (TrainerID,PokeDex,PokemonLevel) VALUES(195,21,29);

INSERT INTO TrainerPokemon (TrainerID,PokeDex,PokemonLevel) VALUES(195,22,29);

INSERT INTO TrainerPokemon (TrainerID,PokeDex,PokemonLevel) VALUES(196,85,34);
#Fuchsia City
INSERT INTO TrainerPokemon (TrainerID,PokeDex,PokemonLevel) VALUES(197,96,34);

INSERT INTO TrainerPokemon (TrainerID,PokeDex,PokemonLevel) VALUES(197,64,34);

INSERT INTO TrainerPokemon (TrainerID,PokeDex,PokemonLevel) VALUES(198,97,38);

INSERT INTO TrainerPokemon (TrainerID,PokeDex,PokemonLevel) VALUES(199,96,31);

INSERT INTO TrainerPokemon (TrainerID,PokeDex,PokemonLevel) VALUES(199,96,31);

INSERT INTO TrainerPokemon (TrainerID,PokeDex,PokemonLevel) VALUES(199,64,31);

INSERT INTO TrainerPokemon (TrainerID,PokeDex,PokemonLevel) VALUES(199,96,31);

INSERT INTO TrainerPokemon (TrainerID,PokeDex,PokemonLevel) VALUES(200,24,33);

INSERT INTO TrainerPokemon (TrainerID,PokeDex,PokemonLevel) VALUES(200,28,33);

INSERT INTO TrainerPokemon (TrainerID,PokeDex,PokemonLevel) VALUES(200,24,33);

INSERT INTO TrainerPokemon (TrainerID,PokeDex,PokemonLevel) VALUES(201,28,34);

INSERT INTO TrainerPokemon (TrainerID,PokeDex,PokemonLevel) VALUES(201,24,34);

INSERT INTO TrainerPokemon (TrainerID,PokeDex,PokemonLevel) VALUES(202,96,34);

INSERT INTO TrainerPokemon (TrainerID,PokeDex,PokemonLevel) VALUES(202,97,34);

INSERT INTO TrainerPokemon (TrainerID,PokeDex,PokemonLevel) VALUES(203,109,37);

INSERT INTO TrainerPokemon (TrainerID,PokeDex,PokemonLevel) VALUES(203,89,39);

INSERT INTO TrainerPokemon (TrainerID,PokeDex,PokemonLevel) VALUES(203,109,37);

INSERT INTO TrainerPokemon (TrainerID,PokeDex,PokemonLevel) VALUES(203,110,43);
#Fighting Dojo
INSERT INTO TrainerPokemon (TrainerID,PokeDex,PokemonLevel) VALUES(204,66,31);

INSERT INTO TrainerPokemon (TrainerID,PokeDex,PokemonLevel) VALUES(204,56,31);

INSERT INTO TrainerPokemon (TrainerID,PokeDex,PokemonLevel) VALUES(205,66,32);

INSERT INTO TrainerPokemon (TrainerID,PokeDex,PokemonLevel) VALUES(205,67,32);

INSERT INTO TrainerPokemon (TrainerID,PokeDex,PokemonLevel) VALUES(206,57,36);

INSERT INTO TrainerPokemon (TrainerID,PokeDex,PokemonLevel) VALUES(207,56,31);

INSERT INTO TrainerPokemon (TrainerID,PokeDex,PokemonLevel) VALUES(207,56,31);

INSERT INTO TrainerPokemon (TrainerID,PokeDex,PokemonLevel) VALUES(207,57,31);

INSERT INTO TrainerPokemon (TrainerID,PokeDex,PokemonLevel) VALUES(208,107,37);

INSERT INTO TrainerPokemon (TrainerID,PokeDex,PokemonLevel) VALUES(208,106,37);
#Silph Co Building
INSERT INTO TrainerPokemon (TrainerID,PokeDex,PokemonLevel) VALUES(209,42,25);

INSERT INTO TrainerPokemon (TrainerID,PokeDex,PokemonLevel) VALUES(209,41,25);

INSERT INTO TrainerPokemon (TrainerID,PokeDex,PokemonLevel) VALUES(209,41,25);

INSERT INTO TrainerPokemon (TrainerID,PokeDex,PokemonLevel) VALUES(209,20,25);

INSERT INTO TrainerPokemon (TrainerID,PokeDex,PokemonLevel) VALUES(210,104,29);

INSERT INTO TrainerPokemon (TrainerID,PokeDex,PokemonLevel) VALUES(210,41,29);

INSERT INTO TrainerPokemon (TrainerID,PokeDex,PokemonLevel) VALUES(211,81,28);

INSERT INTO TrainerPokemon (TrainerID,PokeDex,PokemonLevel) VALUES(211,100,28);

INSERT INTO TrainerPokemon (TrainerID,PokeDex,PokemonLevel) VALUES(211,82,28);

INSERT INTO TrainerPokemon (TrainerID,PokeDex,PokemonLevel) VALUES(212,20,28);

INSERT INTO TrainerPokemon (TrainerID,PokeDex,PokemonLevel) VALUES(212,97,28);

INSERT INTO TrainerPokemon (TrainerID,PokeDex,PokemonLevel) VALUES(212,20,28);

INSERT INTO TrainerPokemon (TrainerID,PokeDex,PokemonLevel) VALUES(213,101,29);

INSERT INTO TrainerPokemon (TrainerID,PokeDex,PokemonLevel) VALUES(213,109,29);

INSERT INTO TrainerPokemon (TrainerID,PokeDex,PokemonLevel) VALUES(214,23,28);

INSERT INTO TrainerPokemon (TrainerID,PokeDex,PokemonLevel) VALUES(214,97,28);

INSERT INTO TrainerPokemon (TrainerID,PokeDex,PokemonLevel) VALUES(214,104,28);

INSERT INTO TrainerPokemon (TrainerID,PokeDex,PokemonLevel) VALUES(215,66,29);

INSERT INTO TrainerPokemon (TrainerID,PokeDex,PokemonLevel) VALUES(215,96,29);

INSERT INTO TrainerPokemon (TrainerID,PokeDex,PokemonLevel) VALUES(216,101,33);

INSERT INTO TrainerPokemon (TrainerID,PokeDex,PokemonLevel) VALUES(217,82,26);

INSERT INTO TrainerPokemon (TrainerID,PokeDex,PokemonLevel) VALUES(217,109,26);

INSERT INTO TrainerPokemon (TrainerID,PokeDex,PokemonLevel) VALUES(217,110,26);

INSERT INTO TrainerPokemon (TrainerID,PokeDex,PokemonLevel) VALUES(217,81,26);

INSERT INTO TrainerPokemon (TrainerID,PokeDex,PokemonLevel) VALUES(218,24,33);

INSERT INTO TrainerPokemon (TrainerID,PokeDex,PokemonLevel) VALUES(219,97,33);

INSERT INTO TrainerPokemon (TrainerID,PokeDex,PokemonLevel) VALUES(220,64,29);

INSERT INTO TrainerPokemon (TrainerID,PokeDex,PokemonLevel) VALUES(220,122,29);

INSERT INTO TrainerPokemon (TrainerID,PokeDex,PokemonLevel) VALUES(221,66,29);

INSERT INTO TrainerPokemon (TrainerID,PokeDex,PokemonLevel) VALUES(221,67,29);

INSERT INTO TrainerPokemon (TrainerID,PokeDex,PokemonLevel) VALUES(222,41,28);

INSERT INTO TrainerPokemon (TrainerID,PokeDex,PokemonLevel) VALUES(222,41,28);

INSERT INTO TrainerPokemon (TrainerID,PokeDex,PokemonLevel) VALUES(222,42,28);

INSERT INTO TrainerPokemon (TrainerID,PokeDex,PokemonLevel) VALUES(223,100,25);

INSERT INTO TrainerPokemon (TrainerID,PokeDex,PokemonLevel) VALUES(223,109,25);

INSERT INTO TrainerPokemon (TrainerID,PokeDex,PokemonLevel) VALUES(223,82,25);

INSERT INTO TrainerPokemon (TrainerID,PokeDex,PokemonLevel) VALUES(223,81,25);

INSERT INTO TrainerPokemon (TrainerID,PokeDex,PokemonLevel) VALUES(223,109,25);

INSERT INTO TrainerPokemon (TrainerID,PokeDex,PokemonLevel) VALUES(224,104,29);

INSERT INTO TrainerPokemon (TrainerID,PokeDex,PokemonLevel) VALUES(224,104,29);

INSERT INTO TrainerPokemon (TrainerID,PokeDex,PokemonLevel) VALUES(225,27,29);

INSERT INTO TrainerPokemon (TrainerID,PokeDex,PokemonLevel) VALUES(225,28,29);

INSERT INTO TrainerPokemon (TrainerID,PokeDex,PokemonLevel) VALUES(226,20,26);

INSERT INTO TrainerPokemon (TrainerID,PokeDex,PokemonLevel) VALUES(226,41,26);

INSERT INTO TrainerPokemon (TrainerID,PokeDex,PokemonLevel) VALUES(226,42,26);

INSERT INTO TrainerPokemon (TrainerID,PokeDex,PokemonLevel) VALUES(226,19,26);

INSERT INTO TrainerPokemon (TrainerID,PokeDex,PokemonLevel) VALUES(227,101,29);

INSERT INTO TrainerPokemon (TrainerID,PokeDex,PokemonLevel) VALUES(227,89,29);

INSERT INTO TrainerPokemon (TrainerID,PokeDex,PokemonLevel) VALUES(228,20,26);

INSERT INTO TrainerPokemon (TrainerID,PokeDex,PokemonLevel) VALUES(228,24,26);

INSERT INTO TrainerPokemon (TrainerID,PokeDex,PokemonLevel) VALUES(228,109,26);

INSERT INTO TrainerPokemon (TrainerID,PokeDex,PokemonLevel) VALUES(228,42,26);

INSERT INTO TrainerPokemon (TrainerID,PokeDex,PokemonLevel) VALUES(229,110,28);

INSERT INTO TrainerPokemon (TrainerID,PokeDex,PokemonLevel) VALUES(229,42,28);

INSERT INTO TrainerPokemon (TrainerID,PokeDex,PokemonLevel) VALUES(229,109,28);

INSERT INTO TrainerPokemon (TrainerID,PokeDex,PokemonLevel) VALUES(230,88,29);

INSERT INTO TrainerPokemon (TrainerID,PokeDex,PokemonLevel) VALUES(230,101,29);

INSERT INTO TrainerPokemon (TrainerID,PokeDex,PokemonLevel) VALUES(231,42,28);

INSERT INTO TrainerPokemon (TrainerID,PokeDex,PokemonLevel) VALUES(231,96,28);

INSERT INTO TrainerPokemon (TrainerID,PokeDex,PokemonLevel) VALUES(231,97,28);

INSERT INTO TrainerPokemon (TrainerID,PokeDex,PokemonLevel) VALUES(232,96,28);

INSERT INTO TrainerPokemon (TrainerID,PokeDex,PokemonLevel) VALUES(232,88,28);

INSERT INTO TrainerPokemon (TrainerID,PokeDex,PokemonLevel) VALUES(232,66,28);

INSERT INTO TrainerPokemon (TrainerID,PokeDex,PokemonLevel) VALUES(233,100,28);

INSERT INTO TrainerPokemon (TrainerID,PokeDex,PokemonLevel) VALUES(233,109,28);

INSERT INTO TrainerPokemon (TrainerID,PokeDex,PokemonLevel) VALUES(233,82,28);

INSERT INTO TrainerPokemon (TrainerID,PokeDex,PokemonLevel) VALUES(234,81,29);

INSERT INTO TrainerPokemon (TrainerID,PokeDex,PokemonLevel) VALUES(234,109,29);

INSERT INTO TrainerPokemon (TrainerID,PokeDex,PokemonLevel) VALUES(235,67,33);

INSERT INTO TrainerPokemon (TrainerID,PokeDex,PokemonLevel) VALUES(236,19,25);

INSERT INTO TrainerPokemon (TrainerID,PokeDex,PokemonLevel) VALUES(236,19,25);

INSERT INTO TrainerPokemon (TrainerID,PokeDex,PokemonLevel) VALUES(236,41,25);

INSERT INTO TrainerPokemon (TrainerID,PokeDex,PokemonLevel) VALUES(236,19,25);

INSERT INTO TrainerPokemon (TrainerID,PokeDex,PokemonLevel) VALUES(236,23,25);

INSERT INTO TrainerPokemon (TrainerID,PokeDex,PokemonLevel) VALUES(237,104,32);

INSERT INTO TrainerPokemon (TrainerID,PokeDex,PokemonLevel) VALUES(237,97,32);

INSERT INTO TrainerPokemon (TrainerID,PokeDex,PokemonLevel) VALUES(237,105,32);

INSERT INTO TrainerPokemon (TrainerID,PokeDex,PokemonLevel) VALUES(238,33,37);

INSERT INTO TrainerPokemon (TrainerID,PokeDex,PokemonLevel) VALUES(238,115,35);

INSERT INTO TrainerPokemon (TrainerID,PokeDex,PokemonLevel) VALUES(238,111,37);

INSERT INTO TrainerPokemon (TrainerID,PokeDex,PokemonLevel) VALUES(238,31,41);
#Saffron City Gym
INSERT INTO TrainerPokemon (TrainerID,PokeDex,PokemonLevel) VALUES(239,79,33);

INSERT INTO TrainerPokemon (TrainerID,PokeDex,PokemonLevel) VALUES(239,79,33);

INSERT INTO TrainerPokemon (TrainerID,PokeDex,PokemonLevel) VALUES(239,80,33);

INSERT INTO TrainerPokemon (TrainerID,PokeDex,PokemonLevel) VALUES(240,92,33);

INSERT INTO TrainerPokemon (TrainerID,PokeDex,PokemonLevel) VALUES(240,92,33);

INSERT INTO TrainerPokemon (TrainerID,PokeDex,PokemonLevel) VALUES(240,93,33);

INSERT INTO TrainerPokemon (TrainerID,PokeDex,PokemonLevel) VALUES(241,64,31);

INSERT INTO TrainerPokemon (TrainerID,PokeDex,PokemonLevel) VALUES(241,79,31);

INSERT INTO TrainerPokemon (TrainerID,PokeDex,PokemonLevel) VALUES(241,122,31);

INSERT INTO TrainerPokemon (TrainerID,PokeDex,PokemonLevel) VALUES(241,64,31);

INSERT INTO TrainerPokemon (TrainerID,PokeDex,PokemonLevel) VALUES(242,122,34);

INSERT INTO TrainerPokemon (TrainerID,PokeDex,PokemonLevel) VALUES(242,64,34);

INSERT INTO TrainerPokemon (TrainerID,PokeDex,PokemonLevel) VALUES(243,93,38);

INSERT INTO TrainerPokemon (TrainerID,PokeDex,PokemonLevel) VALUES(244,92,34);

INSERT INTO TrainerPokemon (TrainerID,PokeDex,PokemonLevel) VALUES(244,93,34);

INSERT INTO TrainerPokemon (TrainerID,PokeDex,PokemonLevel) VALUES(245,80,38);

INSERT INTO TrainerPokemon (TrainerID,PokeDex,PokemonLevel) VALUES(246,64,38);

INSERT INTO TrainerPokemon (TrainerID,PokeDex,PokemonLevel) VALUES(246,122,37);

INSERT INTO TrainerPokemon (TrainerID,PokeDex,PokemonLevel) VALUES(246,49,38);

INSERT INTO TrainerPokemon (TrainerID,PokeDex,PokemonLevel) VALUES(246,65,43);
#Route 12
INSERT INTO TrainerPokemon (TrainerID,PokeDex,PokemonLevel) VALUES(247,118,22);

INSERT INTO TrainerPokemon (TrainerID,PokeDex,PokemonLevel) VALUES(247,60,22);

INSERT INTO TrainerPokemon (TrainerID,PokeDex,PokemonLevel) VALUES(247,118,22);

INSERT INTO TrainerPokemon (TrainerID,PokeDex,PokemonLevel) VALUES(248,72,24);

INSERT INTO TrainerPokemon (TrainerID,PokeDex,PokemonLevel) VALUES(248,118,24);

INSERT INTO TrainerPokemon (TrainerID,PokeDex,PokemonLevel) VALUES(249,118,27);

INSERT INTO TrainerPokemon (TrainerID,PokeDex,PokemonLevel) VALUES(250,60,21);

INSERT INTO TrainerPokemon (TrainerID,PokeDex,PokemonLevel) VALUES(250,90,21);

INSERT INTO TrainerPokemon (TrainerID,PokeDex,PokemonLevel) VALUES(250,118,21);

INSERT INTO TrainerPokemon (TrainerID,PokeDex,PokemonLevel) VALUES(250,116,21);

INSERT INTO TrainerPokemon (TrainerID,PokeDex,PokemonLevel) VALUES(251,29,24);

INSERT INTO TrainerPokemon (TrainerID,PokeDex,PokemonLevel) VALUES(251,32,24);

INSERT INTO TrainerPokemon (TrainerID,PokeDex,PokemonLevel) VALUES(252,100,29);

INSERT INTO TrainerPokemon (TrainerID,PokeDex,PokemonLevel) VALUES(252,101,29);

INSERT INTO TrainerPokemon (TrainerID,PokeDex,PokemonLevel) VALUES(253,32,29);

INSERT INTO TrainerPokemon (TrainerID,PokeDex,PokemonLevel) VALUES(253,33,29);

INSERT INTO TrainerPokemon (TrainerID,PokeDex,PokemonLevel) VALUES(254,129,24);

INSERT INTO TrainerPokemon (TrainerID,PokeDex,PokemonLevel) VALUES(254,129,24);
#Route 13
INSERT INTO TrainerPokemon (TrainerID,PokeDex,PokemonLevel) VALUES(255,88,28);

INSERT INTO TrainerPokemon (TrainerID,PokeDex,PokemonLevel) VALUES(255,60,28);

INSERT INTO TrainerPokemon (TrainerID,PokeDex,PokemonLevel) VALUES(255,116,28);

INSERT INTO TrainerPokemon (TrainerID,PokeDex,PokemonLevel) VALUES(256,16,29);

INSERT INTO TrainerPokemon (TrainerID,PokeDex,PokemonLevel) VALUES(256,17,29);

INSERT INTO TrainerPokemon (TrainerID,PokeDex,PokemonLevel) VALUES(257,16,24);

INSERT INTO TrainerPokemon (TrainerID,PokeDex,PokemonLevel) VALUES(257,52,24);

INSERT INTO TrainerPokemon (TrainerID,PokeDex,PokemonLevel) VALUES(257,19,24);

INSERT INTO TrainerPokemon (TrainerID,PokeDex,PokemonLevel) VALUES(257,25,24);

INSERT INTO TrainerPokemon (TrainerID,PokeDex,PokemonLevel) VALUES(257,52,24);

INSERT INTO TrainerPokemon (TrainerID,PokeDex,PokemonLevel) VALUES(258,19,27);

INSERT INTO TrainerPokemon (TrainerID,PokeDex,PokemonLevel) VALUES(258,25,27);

INSERT INTO TrainerPokemon (TrainerID,PokeDex,PokemonLevel) VALUES(258,19,27);

INSERT INTO TrainerPokemon (TrainerID,PokeDex,PokemonLevel) VALUES(259,35,29);

INSERT INTO TrainerPokemon (TrainerID,PokeDex,PokemonLevel) VALUES(259,52,29);

INSERT INTO TrainerPokemon (TrainerID,PokeDex,PokemonLevel) VALUES(260,60,30);

INSERT INTO TrainerPokemon (TrainerID,PokeDex,PokemonLevel) VALUES(260,60,30);

INSERT INTO TrainerPokemon (TrainerID,PokeDex,PokemonLevel) VALUES(261,16,27);

INSERT INTO TrainerPokemon (TrainerID,PokeDex,PokemonLevel) VALUES(261,52,27);

INSERT INTO TrainerPokemon (TrainerID,PokeDex,PokemonLevel) VALUES(261,16,27);

INSERT INTO TrainerPokemon (TrainerID,PokeDex,PokemonLevel) VALUES(261,17,27);

INSERT INTO TrainerPokemon (TrainerID,PokeDex,PokemonLevel) VALUES(262,21,25);

INSERT INTO TrainerPokemon (TrainerID,PokeDex,PokemonLevel) VALUES(262,16,25);

INSERT INTO TrainerPokemon (TrainerID,PokeDex,PokemonLevel) VALUES(262,16,25);

INSERT INTO TrainerPokemon (TrainerID,PokeDex,PokemonLevel) VALUES(262,21,25);

INSERT INTO TrainerPokemon (TrainerID,PokeDex,PokemonLevel) VALUES(262,21,25);

INSERT INTO TrainerPokemon (TrainerID,PokeDex,PokemonLevel) VALUES(263,109,28);

INSERT INTO TrainerPokemon (TrainerID,PokeDex,PokemonLevel) VALUES(263,109,28);

INSERT INTO TrainerPokemon (TrainerID,PokeDex,PokemonLevel) VALUES(263,109,28);

INSERT INTO TrainerPokemon (TrainerID,PokeDex,PokemonLevel) VALUES(264,16,26);

INSERT INTO TrainerPokemon (TrainerID,PokeDex,PokemonLevel) VALUES(264,17,26);

INSERT INTO TrainerPokemon (TrainerID,PokeDex,PokemonLevel) VALUES(264,21,26);

INSERT INTO TrainerPokemon (TrainerID,PokeDex,PokemonLevel) VALUES(264,22,26);
#Route 14
INSERT INTO TrainerPokemon (TrainerID,PokeDex,PokemonLevel) VALUES(266,16,28);

INSERT INTO TrainerPokemon (TrainerID,PokeDex,PokemonLevel) VALUES(266,84,28);

INSERT INTO TrainerPokemon (TrainerID,PokeDex,PokemonLevel) VALUES(266,17,28);

INSERT INTO TrainerPokemon (TrainerID,PokeDex,PokemonLevel) VALUES(267,16,26);

INSERT INTO TrainerPokemon (TrainerID,PokeDex,PokemonLevel) VALUES(267,21,26);

INSERT INTO TrainerPokemon (TrainerID,PokeDex,PokemonLevel) VALUES(267,16,26);

INSERT INTO TrainerPokemon (TrainerID,PokeDex,PokemonLevel) VALUES(267,22,26);

INSERT INTO TrainerPokemon (TrainerID,PokeDex,PokemonLevel) VALUES(268,21,28);

INSERT INTO TrainerPokemon (TrainerID,PokeDex,PokemonLevel) VALUES(268,84,28);

INSERT INTO TrainerPokemon (TrainerID,PokeDex,PokemonLevel) VALUES(268,22,28);

INSERT INTO TrainerPokemon (TrainerID,PokeDex,PokemonLevel) VALUES(269,17,29);

INSERT INTO TrainerPokemon (TrainerID,PokeDex,PokemonLevel) VALUES(269,21,29);

INSERT INTO TrainerPokemon (TrainerID,PokeDex,PokemonLevel) VALUES(270,83,33);

INSERT INTO TrainerPokemon (TrainerID,PokeDex,PokemonLevel) VALUES(271,21,29);

INSERT INTO TrainerPokemon (TrainerID,PokeDex,PokemonLevel) VALUES(271,22,29);

INSERT INTO TrainerPokemon (TrainerID,PokeDex,PokemonLevel) VALUES(272,109,29);

INSERT INTO TrainerPokemon (TrainerID,PokeDex,PokemonLevel) VALUES(272,89,29);

INSERT INTO TrainerPokemon (TrainerID,PokeDex,PokemonLevel) VALUES(273,109,29);

INSERT INTO TrainerPokemon (TrainerID,PokeDex,PokemonLevel) VALUES(273,88,29);

INSERT INTO TrainerPokemon (TrainerID,PokeDex,PokemonLevel) VALUES(274,88,28);

INSERT INTO TrainerPokemon (TrainerID,PokeDex,PokemonLevel) VALUES(274,88,28);

INSERT INTO TrainerPokemon (TrainerID,PokeDex,PokemonLevel) VALUES(274,109,28);

INSERT INTO TrainerPokemon (TrainerID,PokeDex,PokemonLevel) VALUES(275,109,26);

INSERT INTO TrainerPokemon (TrainerID,PokeDex,PokemonLevel) VALUES(275,109,26);

INSERT INTO TrainerPokemon (TrainerID,PokeDex,PokemonLevel) VALUES(275,88,26);

INSERT INTO TrainerPokemon (TrainerID,PokeDex,PokemonLevel) VALUES(275,109,26);

INSERT INTO TrainerPokemon (TrainerID,PokeDex,PokemonLevel) VALUES(276,4,29);

INSERT INTO TrainerPokemon (TrainerID,PokeDex,PokemonLevel) VALUES(276,7,29);
#Route 15
INSERT INTO TrainerPokemon (TrainerID,PokeDex,PokemonLevel) VALUES(277,25,29);

INSERT INTO TrainerPokemon (TrainerID,PokeDex,PokemonLevel) VALUES(277,26,29);

INSERT INTO TrainerPokemon (TrainerID,PokeDex,PokemonLevel) VALUES(278,106,29);

INSERT INTO TrainerPokemon (TrainerID,PokeDex,PokemonLevel) VALUES(278,107,29);

INSERT INTO TrainerPokemon (TrainerID,PokeDex,PokemonLevel) VALUES(279,35,33);

INSERT INTO TrainerPokemon (TrainerID,PokeDex,PokemonLevel) VALUES(280,109,25);

INSERT INTO TrainerPokemon (TrainerID,PokeDex,PokemonLevel) VALUES(280,109,25);

INSERT INTO TrainerPokemon (TrainerID,PokeDex,PokemonLevel) VALUES(280,110,25);

INSERT INTO TrainerPokemon (TrainerID,PokeDex,PokemonLevel) VALUES(280,109,25);

INSERT INTO TrainerPokemon (TrainerID,PokeDex,PokemonLevel) VALUES(280,89,25);

INSERT INTO TrainerPokemon (TrainerID,PokeDex,PokemonLevel) VALUES(281,109,28);

INSERT INTO TrainerPokemon (TrainerID,PokeDex,PokemonLevel) VALUES(281,88,28);

INSERT INTO TrainerPokemon (TrainerID,PokeDex,PokemonLevel) VALUES(281,110,28);

INSERT INTO TrainerPokemon (TrainerID,PokeDex,PokemonLevel) VALUES(282,17,29);

INSERT INTO TrainerPokemon (TrainerID,PokeDex,PokemonLevel) VALUES(282,36,29);

INSERT INTO TrainerPokemon (TrainerID,PokeDex,PokemonLevel) VALUES(283,1,29);

INSERT INTO TrainerPokemon (TrainerID,PokeDex,PokemonLevel) VALUES(283,2,29);

INSERT INTO TrainerPokemon (TrainerID,PokeDex,PokemonLevel) VALUES(284,44,28);

INSERT INTO TrainerPokemon (TrainerID,PokeDex,PokemonLevel) VALUES(284,43,28);

INSERT INTO TrainerPokemon (TrainerID,PokeDex,PokemonLevel) VALUES(284,43,28);

INSERT INTO TrainerPokemon (TrainerID,PokeDex,PokemonLevel) VALUES(285,85,28);

INSERT INTO TrainerPokemon (TrainerID,PokeDex,PokemonLevel) VALUES(285,84,28);

INSERT INTO TrainerPokemon (TrainerID,PokeDex,PokemonLevel) VALUES(285,84,28);

INSERT INTO TrainerPokemon (TrainerID,PokeDex,PokemonLevel) VALUES(286,17,26);

INSERT INTO TrainerPokemon (TrainerID,PokeDex,PokemonLevel) VALUES(286,83,26);

INSERT INTO TrainerPokemon (TrainerID,PokeDex,PokemonLevel) VALUES(286,84,26);

INSERT INTO TrainerPokemon (TrainerID,PokeDex,PokemonLevel) VALUES(286,17,26);

INSERT INTO TrainerPokemon (TrainerID,PokeDex,PokemonLevel) VALUES(287,69,29);

INSERT INTO TrainerPokemon (TrainerID,PokeDex,PokemonLevel) VALUES(287,43,29);

INSERT INTO TrainerPokemon (TrainerID,PokeDex,PokemonLevel) VALUES(287,114,29);
#Route 19
INSERT INTO TrainerPokemon (TrainerID,PokeDex,PokemonLevel) VALUES(288,72,30);

INSERT INTO TrainerPokemon (TrainerID,PokeDex,PokemonLevel) VALUES(288,90,30);

INSERT INTO TrainerPokemon (TrainerID,PokeDex,PokemonLevel) VALUES(289,118,29);

INSERT INTO TrainerPokemon (TrainerID,PokeDex,PokemonLevel) VALUES(289,116,29);

INSERT INTO TrainerPokemon (TrainerID,PokeDex,PokemonLevel) VALUES(289,120,29);

INSERT INTO TrainerPokemon (TrainerID,PokeDex,PokemonLevel) VALUES(290,116,30);

INSERT INTO TrainerPokemon (TrainerID,PokeDex,PokemonLevel) VALUES(290,116,30);

INSERT INTO TrainerPokemon (TrainerID,PokeDex,PokemonLevel) VALUES(291,118,29);

INSERT INTO TrainerPokemon (TrainerID,PokeDex,PokemonLevel) VALUES(291,90,29);

INSERT INTO TrainerPokemon (TrainerID,PokeDex,PokemonLevel) VALUES(291,119,29);

INSERT INTO TrainerPokemon (TrainerID,PokeDex,PokemonLevel) VALUES(292,116,27);

INSERT INTO TrainerPokemon (TrainerID,PokeDex,PokemonLevel) VALUES(292,72,27);

INSERT INTO TrainerPokemon (TrainerID,PokeDex,PokemonLevel) VALUES(292,72,27);

INSERT INTO TrainerPokemon (TrainerID,PokeDex,PokemonLevel) VALUES(292,118,27);

INSERT INTO TrainerPokemon (TrainerID,PokeDex,PokemonLevel) VALUES(293,60,30);

INSERT INTO TrainerPokemon (TrainerID,PokeDex,PokemonLevel) VALUES(293,61,30);

INSERT INTO TrainerPokemon (TrainerID,PokeDex,PokemonLevel) VALUES(294,119,30);

INSERT INTO TrainerPokemon (TrainerID,PokeDex,PokemonLevel) VALUES(294,118,30);

INSERT INTO TrainerPokemon (TrainerID,PokeDex,PokemonLevel) VALUES(295,72,27);

INSERT INTO TrainerPokemon (TrainerID,PokeDex,PokemonLevel) VALUES(295,72,27);

INSERT INTO TrainerPokemon (TrainerID,PokeDex,PokemonLevel) VALUES(295,120,27);

INSERT INTO TrainerPokemon (TrainerID,PokeDex,PokemonLevel) VALUES(295,116,27);

INSERT INTO TrainerPokemon (TrainerID,PokeDex,PokemonLevel) VALUES(295,73,27);

INSERT INTO TrainerPokemon (TrainerID,PokeDex,PokemonLevel) VALUES(296,118,30);

INSERT INTO TrainerPokemon (TrainerID,PokeDex,PokemonLevel) VALUES(296,119,30);

INSERT INTO TrainerPokemon (TrainerID,PokeDex,PokemonLevel) VALUES(297,120,29);

INSERT INTO TrainerPokemon (TrainerID,PokeDex,PokemonLevel) VALUES(297,120,29);

INSERT INTO TrainerPokemon (TrainerID,PokeDex,PokemonLevel) VALUES(297,120,29);

INSERT INTO TrainerPokemon (TrainerID,PokeDex,PokemonLevel) VALUES(298,60,27);

INSERT INTO TrainerPokemon (TrainerID,PokeDex,PokemonLevel) VALUES(298,118,27);

INSERT INTO TrainerPokemon (TrainerID,PokeDex,PokemonLevel) VALUES(298,119,27);

INSERT INTO TrainerPokemon (TrainerID,PokeDex,PokemonLevel) VALUES(298,118,27);

INSERT INTO TrainerPokemon (TrainerID,PokeDex,PokemonLevel) VALUES(298,60,27);
#Route 20
INSERT INTO TrainerPokemon (TrainerID,PokeDex,PokemonLevel) VALUES(299,90,31);

INSERT INTO TrainerPokemon (TrainerID,PokeDex,PokemonLevel) VALUES(299,91,31);

INSERT INTO TrainerPokemon (TrainerID,PokeDex,PokemonLevel) VALUES(300,116,28);

INSERT INTO TrainerPokemon (TrainerID,PokeDex,PokemonLevel) VALUES(300,116,28);

INSERT INTO TrainerPokemon (TrainerID,PokeDex,PokemonLevel) VALUES(300,117,28);

INSERT INTO TrainerPokemon (TrainerID,PokeDex,PokemonLevel) VALUES(300,116,28);

INSERT INTO TrainerPokemon (TrainerID,PokeDex,PokemonLevel) VALUES(301,117,28);

INSERT INTO TrainerPokemon (TrainerID,PokeDex,PokemonLevel) VALUES(301,116,28);

INSERT INTO TrainerPokemon (TrainerID,PokeDex,PokemonLevel) VALUES(301,117,28);

INSERT INTO TrainerPokemon (TrainerID,PokeDex,PokemonLevel) VALUES(302,119,35);

INSERT INTO TrainerPokemon (TrainerID,PokeDex,PokemonLevel) VALUES(303,72,30);

INSERT INTO TrainerPokemon (TrainerID,PokeDex,PokemonLevel) VALUES(303,116,30);

INSERT INTO TrainerPokemon (TrainerID,PokeDex,PokemonLevel) VALUES(303,86,30);

INSERT INTO TrainerPokemon (TrainerID,PokeDex,PokemonLevel) VALUES(304,22,30);

INSERT INTO TrainerPokemon (TrainerID,PokeDex,PokemonLevel) VALUES(304,22,30);

INSERT INTO TrainerPokemon (TrainerID,PokeDex,PokemonLevel) VALUES(304,17,30);

INSERT INTO TrainerPokemon (TrainerID,PokeDex,PokemonLevel) VALUES(305,90,30);

INSERT INTO TrainerPokemon (TrainerID,PokeDex,PokemonLevel) VALUES(305,90,30);

INSERT INTO TrainerPokemon (TrainerID,PokeDex,PokemonLevel) VALUES(305,91,30);

INSERT INTO TrainerPokemon (TrainerID,PokeDex,PokemonLevel) VALUES(306,120,35);

INSERT INTO TrainerPokemon (TrainerID,PokeDex,PokemonLevel) VALUES(307,118,31);

INSERT INTO TrainerPokemon (TrainerID,PokeDex,PokemonLevel) VALUES(307,119,31);

INSERT INTO TrainerPokemon (TrainerID,PokeDex,PokemonLevel) VALUES(308,60,31);

INSERT INTO TrainerPokemon (TrainerID,PokeDex,PokemonLevel) VALUES(308,119,31);
#Pokemon Mansion
INSERT INTO TrainerPokemon (TrainerID,PokeDex,PokemonLevel) VALUES(309,23,33);

INSERT INTO TrainerPokemon (TrainerID,PokeDex,PokemonLevel) VALUES(309,23,33);

INSERT INTO TrainerPokemon (TrainerID,PokeDex,PokemonLevel) VALUES(309,20,33);

INSERT INTO TrainerPokemon (TrainerID,PokeDex,PokemonLevel) VALUES(310,101,29);

INSERT INTO TrainerPokemon (TrainerID,PokeDex,PokemonLevel) VALUES(310,109,29);

INSERT INTO TrainerPokemon (TrainerID,PokeDex,PokemonLevel) VALUES(311,4,34);

INSERT INTO TrainerPokemon (TrainerID,PokeDex,PokemonLevel) VALUES(311,5,34);

INSERT INTO TrainerPokemon (TrainerID,PokeDex,PokemonLevel) VALUES(312,38,38);

INSERT INTO TrainerPokemon (TrainerID,PokeDex,PokemonLevel) VALUES(313,81,33);

INSERT INTO TrainerPokemon (TrainerID,PokeDex,PokemonLevel) VALUES(313,82,33);

INSERT INTO TrainerPokemon (TrainerID,PokeDex,PokemonLevel) VALUES(313,100,33);

INSERT INTO TrainerPokemon (TrainerID,PokeDex,PokemonLevel) VALUES(314,58,34);

INSERT INTO TrainerPokemon (TrainerID,PokeDex,PokemonLevel) VALUES(314,77,34);

INSERT INTO TrainerPokemon (TrainerID,PokeDex,PokemonLevel) VALUES(315,81,34);

INSERT INTO TrainerPokemon (TrainerID,PokeDex,PokemonLevel) VALUES(315,101,34);
#Cinnabar Island
INSERT INTO TrainerPokemon (TrainerID,PokeDex,PokemonLevel) VALUES(316,58,36);

INSERT INTO TrainerPokemon (TrainerID,PokeDex,PokemonLevel) VALUES(316,37,36);

INSERT INTO TrainerPokemon (TrainerID,PokeDex,PokemonLevel) VALUES(316,38,36);

INSERT INTO TrainerPokemon (TrainerID,PokeDex,PokemonLevel) VALUES(317,37,36);

INSERT INTO TrainerPokemon (TrainerID,PokeDex,PokemonLevel) VALUES(317,37,36);

INSERT INTO TrainerPokemon (TrainerID,PokeDex,PokemonLevel) VALUES(317,38,36);

INSERT INTO TrainerPokemon (TrainerID,PokeDex,PokemonLevel) VALUES(318,77,34);

INSERT INTO TrainerPokemon (TrainerID,PokeDex,PokemonLevel) VALUES(318,4,34);

INSERT INTO TrainerPokemon (TrainerID,PokeDex,PokemonLevel) VALUES(318,37,34);

INSERT INTO TrainerPokemon (TrainerID,PokeDex,PokemonLevel) VALUES(318,58,34);

INSERT INTO TrainerPokemon (TrainerID,PokeDex,PokemonLevel) VALUES(319,77,41);

INSERT INTO TrainerPokemon (TrainerID,PokeDex,PokemonLevel) VALUES(320,78,41);

INSERT INTO TrainerPokemon (TrainerID,PokeDex,PokemonLevel) VALUES(321,37,37);

INSERT INTO TrainerPokemon (TrainerID,PokeDex,PokemonLevel) VALUES(321,58,37);

INSERT INTO TrainerPokemon (TrainerID,PokeDex,PokemonLevel) VALUES(322,58,37);

INSERT INTO TrainerPokemon (TrainerID,PokeDex,PokemonLevel) VALUES(322,37,37);

INSERT INTO TrainerPokemon (TrainerID,PokeDex,PokemonLevel) VALUES(323,58,42);

INSERT INTO TrainerPokemon (TrainerID,PokeDex,PokemonLevel) VALUES(323,77,40);

INSERT INTO TrainerPokemon (TrainerID,PokeDex,PokemonLevel) VALUES(323,78,42);

INSERT INTO TrainerPokemon (TrainerID,PokeDex,PokemonLevel) VALUES(323,59,47);
#Route 21
INSERT INTO TrainerPokemon (TrainerID,PokeDex,PokemonLevel) VALUES(324,129,27);

INSERT INTO TrainerPokemon (TrainerID,PokeDex,PokemonLevel) VALUES(324,129,27);

INSERT INTO TrainerPokemon (TrainerID,PokeDex,PokemonLevel) VALUES(324,129,27);

INSERT INTO TrainerPokemon (TrainerID,PokeDex,PokemonLevel) VALUES(324,129,27);

INSERT INTO TrainerPokemon (TrainerID,PokeDex,PokemonLevel) VALUES(324,129,27);

INSERT INTO TrainerPokemon (TrainerID,PokeDex,PokemonLevel) VALUES(324,129,27);

INSERT INTO TrainerPokemon (TrainerID,PokeDex,PokemonLevel) VALUES(325,119,28);

INSERT INTO TrainerPokemon (TrainerID,PokeDex,PokemonLevel) VALUES(325,119,28);

INSERT INTO TrainerPokemon (TrainerID,PokeDex,PokemonLevel) VALUES(325,118,28);

INSERT INTO TrainerPokemon (TrainerID,PokeDex,PokemonLevel) VALUES(325,119,28);

INSERT INTO TrainerPokemon (TrainerID,PokeDex,PokemonLevel) VALUES(326,120,33);

INSERT INTO TrainerPokemon (TrainerID,PokeDex,PokemonLevel) VALUES(326,117,33);

INSERT INTO TrainerPokemon (TrainerID,PokeDex,PokemonLevel) VALUES(327,117,33);

INSERT INTO TrainerPokemon (TrainerID,PokeDex,PokemonLevel) VALUES(327,73,33);

INSERT INTO TrainerPokemon (TrainerID,PokeDex,PokemonLevel) VALUES(328,90,31);

INSERT INTO TrainerPokemon (TrainerID,PokeDex,PokemonLevel) VALUES(328,91,31);

INSERT INTO TrainerPokemon (TrainerID,PokeDex,PokemonLevel) VALUES(329,119,33);

INSERT INTO TrainerPokemon (TrainerID,PokeDex,PokemonLevel) VALUES(329,118,33);

INSERT INTO TrainerPokemon (TrainerID,PokeDex,PokemonLevel) VALUES(330,120,37);

INSERT INTO TrainerPokemon (TrainerID,PokeDex,PokemonLevel) VALUES(331,61,32);

INSERT INTO TrainerPokemon (TrainerID,PokeDex,PokemonLevel) VALUES(331,72,32);

INSERT INTO TrainerPokemon (TrainerID,PokeDex,PokemonLevel) VALUES(331,117,32);

INSERT INTO TrainerPokemon (TrainerID,PokeDex,PokemonLevel) VALUES(332,120,33);

INSERT INTO TrainerPokemon (TrainerID,PokeDex,PokemonLevel) VALUES(332,8,33);
#Viridian City
INSERT INTO TrainerPokemon (TrainerID,PokeDex,PokemonLevel) VALUES(333,24,39);

INSERT INTO TrainerPokemon (TrainerID,PokeDex,PokemonLevel) VALUES(333,128,39);

INSERT INTO TrainerPokemon (TrainerID,PokeDex,PokemonLevel) VALUES(334,67,43);

INSERT INTO TrainerPokemon (TrainerID,PokeDex,PokemonLevel) VALUES(335,28,37);

INSERT INTO TrainerPokemon (TrainerID,PokeDex,PokemonLevel) VALUES(335,28,37);

INSERT INTO TrainerPokemon (TrainerID,PokeDex,PokemonLevel) VALUES(335,111,38);

INSERT INTO TrainerPokemon (TrainerID,PokeDex,PokemonLevel) VALUES(335,33,39);

INSERT INTO TrainerPokemon (TrainerID,PokeDex,PokemonLevel) VALUES(335,34,39);

INSERT INTO TrainerPokemon (TrainerID,PokeDex,PokemonLevel) VALUES(336,28,38);

INSERT INTO TrainerPokemon (TrainerID,PokeDex,PokemonLevel) VALUES(336,75,38);

INSERT INTO TrainerPokemon (TrainerID,PokeDex,PokemonLevel) VALUES(336,95,38);

INSERT INTO TrainerPokemon (TrainerID,PokeDex,PokemonLevel) VALUES(336,75,38);

INSERT INTO TrainerPokemon (TrainerID,PokeDex,PokemonLevel) VALUES(336,105,38);

INSERT INTO TrainerPokemon (TrainerID,PokeDex,PokemonLevel) VALUES(337,66,40);

INSERT INTO TrainerPokemon (TrainerID,PokeDex,PokemonLevel) VALUES(337,67,40);

INSERT INTO TrainerPokemon (TrainerID,PokeDex,PokemonLevel) VALUES(338,111,43);

INSERT INTO TrainerPokemon (TrainerID,PokeDex,PokemonLevel) VALUES(339,105,37);

INSERT INTO TrainerPokemon (TrainerID,PokeDex,PokemonLevel) VALUES(339,105,37);

INSERT INTO TrainerPokemon (TrainerID,PokeDex,PokemonLevel) VALUES(339,111,38);

INSERT INTO TrainerPokemon (TrainerID,PokeDex,PokemonLevel) VALUES(339,30,39);

INSERT INTO TrainerPokemon (TrainerID,PokeDex,PokemonLevel) VALUES(339,31,39);

INSERT INTO TrainerPokemon (TrainerID,PokeDex,PokemonLevel) VALUES(340,67,38);

INSERT INTO TrainerPokemon (TrainerID,PokeDex,PokemonLevel) VALUES(340,66,38);

INSERT INTO TrainerPokemon (TrainerID,PokeDex,PokemonLevel) VALUES(340,67,38);

INSERT INTO TrainerPokemon (TrainerID,PokeDex,PokemonLevel) VALUES(341,111,45);

INSERT INTO TrainerPokemon (TrainerID,PokeDex,PokemonLevel) VALUES(341,51,42);

INSERT INTO TrainerPokemon (TrainerID,PokeDex,PokemonLevel) VALUES(341,31,44);

INSERT INTO TrainerPokemon (TrainerID,PokeDex,PokemonLevel) VALUES(341,34,45);

INSERT INTO TrainerPokemon (TrainerID,PokeDex,PokemonLevel) VALUES(341,112,50);
#Victory Road
INSERT INTO TrainerPokemon (TrainerID,PokeDex,PokemonLevel) VALUES(342,53,42);

INSERT INTO TrainerPokemon (TrainerID,PokeDex,PokemonLevel) VALUES(342,77,42);

INSERT INTO TrainerPokemon (TrainerID,PokeDex,PokemonLevel) VALUES(342,78,42);

INSERT INTO TrainerPokemon (TrainerID,PokeDex,PokemonLevel) VALUES(342,37,42);

INSERT INTO TrainerPokemon (TrainerID,PokeDex,PokemonLevel) VALUES(342,38,42);

INSERT INTO TrainerPokemon (TrainerID,PokeDex,PokemonLevel) VALUES(343,20,42);

INSERT INTO TrainerPokemon (TrainerID,PokeDex,PokemonLevel) VALUES(343,2,42);

INSERT INTO TrainerPokemon (TrainerID,PokeDex,PokemonLevel) VALUES(343,8,42);

INSERT INTO TrainerPokemon (TrainerID,PokeDex,PokemonLevel) VALUES(343,5,42);

INSERT INTO TrainerPokemon (TrainerID,PokeDex,PokemonLevel) VALUES(343,6,42);

INSERT INTO TrainerPokemon (TrainerID,PokeDex,PokemonLevel) VALUES(344,67,43);

INSERT INTO TrainerPokemon (TrainerID,PokeDex,PokemonLevel) VALUES(344,66,43);

INSERT INTO TrainerPokemon (TrainerID,PokeDex,PokemonLevel) VALUES(344,67,43);

INSERT INTO TrainerPokemon (TrainerID,PokeDex,PokemonLevel) VALUES(345,96,41);

INSERT INTO TrainerPokemon (TrainerID,PokeDex,PokemonLevel) VALUES(345,97,41);

INSERT INTO TrainerPokemon (TrainerID,PokeDex,PokemonLevel) VALUES(345,64,41);

INSERT INTO TrainerPokemon (TrainerID,PokeDex,PokemonLevel) VALUES(345,64,41);

INSERT INTO TrainerPokemon (TrainerID,PokeDex,PokemonLevel) VALUES(346,53,44);

INSERT INTO TrainerPokemon (TrainerID,PokeDex,PokemonLevel) VALUES(346,55,44);

INSERT INTO TrainerPokemon (TrainerID,PokeDex,PokemonLevel) VALUES(347,122,48);

INSERT INTO TrainerPokemon (TrainerID,PokeDex,PokemonLevel) VALUES(348,103,42);

INSERT INTO TrainerPokemon (TrainerID,PokeDex,PokemonLevel) VALUES(348,28,42);

INSERT INTO TrainerPokemon (TrainerID,PokeDex,PokemonLevel) VALUES(348,91,42);

INSERT INTO TrainerPokemon (TrainerID,PokeDex,PokemonLevel) VALUES(348,101,42);

INSERT INTO TrainerPokemon (TrainerID,PokeDex,PokemonLevel) VALUES(348,59,42);

INSERT INTO TrainerPokemon (TrainerID,PokeDex,PokemonLevel) VALUES(349,5,40);

INSERT INTO TrainerPokemon (TrainerID,PokeDex,PokemonLevel) VALUES(349,131,40);

INSERT INTO TrainerPokemon (TrainerID,PokeDex,PokemonLevel) VALUES(349,108,40);

INSERT INTO TrainerPokemon (TrainerID,PokeDex,PokemonLevel) VALUES(350,35,42);

INSERT INTO TrainerPokemon (TrainerID,PokeDex,PokemonLevel) VALUES(350,39,42);

INSERT INTO TrainerPokemon (TrainerID,PokeDex,PokemonLevel) VALUES(350,53,42);

INSERT INTO TrainerPokemon (TrainerID,PokeDex,PokemonLevel) VALUES(350,87,42);

INSERT INTO TrainerPokemon (TrainerID,PokeDex,PokemonLevel) VALUES(350,113,42);

INSERT INTO TrainerPokemon (TrainerID,PokeDex,PokemonLevel) VALUES(351,99,41);

INSERT INTO TrainerPokemon (TrainerID,PokeDex,PokemonLevel) VALUES(351,61,42);

INSERT INTO TrainerPokemon (TrainerID,PokeDex,PokemonLevel) VALUES(351,73,42);

INSERT INTO TrainerPokemon (TrainerID,PokeDex,PokemonLevel) VALUES(351,117,42);

INSERT INTO TrainerPokemon (TrainerID,PokeDex,PokemonLevel) VALUES(351,9,43);

INSERT INTO TrainerPokemon (TrainerID,PokeDex,PokemonLevel) VALUES(352,69,42);

INSERT INTO TrainerPokemon (TrainerID,PokeDex,PokemonLevel) VALUES(352,70,42);

INSERT INTO TrainerPokemon (TrainerID,PokeDex,PokemonLevel) VALUES(352,71,42);

INSERT INTO TrainerPokemon (TrainerID,PokeDex,PokemonLevel) VALUES(352,46,42);

INSERT INTO TrainerPokemon (TrainerID,PokeDex,PokemonLevel) VALUES(352,47,42);

INSERT INTO TrainerPokemon (TrainerID,PokeDex,PokemonLevel) VALUES(353,31,45);

INSERT INTO TrainerPokemon (TrainerID,PokeDex,PokemonLevel) VALUES(353,34,45);

Select * From Location;

#Indigo Plateau
INSERT INTO TrainerPokemon (TrainerID,PokeDex,PokemonLevel) VALUES(354,87,52);

INSERT INTO TrainerPokemon (TrainerID,PokeDex,PokemonLevel) VALUES(354,91,51);

INSERT INTO TrainerPokemon (TrainerID,PokeDex,PokemonLevel) VALUES(354,80,52);

INSERT INTO TrainerPokemon (TrainerID,PokeDex,PokemonLevel) VALUES(354,124,54);

INSERT INTO TrainerPokemon (TrainerID,PokeDex,PokemonLevel) VALUES(354,131,54);

INSERT INTO TrainerPokemon (TrainerID,PokeDex,PokemonLevel) VALUES(355,95,51);

INSERT INTO TrainerPokemon (TrainerID,PokeDex,PokemonLevel) VALUES(355,107,53);

INSERT INTO TrainerPokemon (TrainerID,PokeDex,PokemonLevel) VALUES(355,106,53);

INSERT INTO TrainerPokemon (TrainerID,PokeDex,PokemonLevel) VALUES(355,95,54);

INSERT INTO TrainerPokemon (TrainerID,PokeDex,PokemonLevel) VALUES(355,68,56);

INSERT INTO TrainerPokemon (TrainerID,PokeDex,PokemonLevel) VALUES(356,94,54);

INSERT INTO TrainerPokemon (TrainerID,PokeDex,PokemonLevel) VALUES(356,42,54);

INSERT INTO TrainerPokemon (TrainerID,PokeDex,PokemonLevel) VALUES(356,93,53);

INSERT INTO TrainerPokemon (TrainerID,PokeDex,PokemonLevel) VALUES(356,24,56);

INSERT INTO TrainerPokemon (TrainerID,PokeDex,PokemonLevel) VALUES(356,94,58);

INSERT INTO TrainerPokemon (TrainerID,PokeDex,PokemonLevel) VALUES(357,130,56);

INSERT INTO TrainerPokemon (TrainerID,PokeDex,PokemonLevel) VALUES(357,148,54);

INSERT INTO TrainerPokemon (TrainerID,PokeDex,PokemonLevel) VALUES(357,148,54);

INSERT INTO TrainerPokemon (TrainerID,PokeDex,PokemonLevel) VALUES(357,142,58);

INSERT INTO TrainerPokemon (TrainerID,PokeDex,PokemonLevel) VALUES(357,149,60);


#This is the data for the PokemonLocation table
#NOTE: THESE ARE POKEMON THAT ARE ENCOUNTERED IN THE WILD, 
#SOME OF THESE MAY NEED TO BE EVOLVED

INSERT INTO PokemonLocation (PokeDex,LocationID) VALUES(1,2);

INSERT INTO PokemonLocation (PokeDex,LocationID) VALUES(4,2);

INSERT INTO PokemonLocation (PokeDex,LocationID) VALUES(7,2);

INSERT INTO PokemonLocation (PokeDex,LocationID) VALUES(10,6);

INSERT INTO PokemonLocation (PokeDex,LocationID) VALUES(10,13);

INSERT INTO PokemonLocation (PokeDex,LocationID) VALUES(11,6);

INSERT INTO PokemonLocation (PokeDex,LocationID) VALUES(11,13);

INSERT INTO PokemonLocation (PokeDex,LocationID) VALUES(13,5);

INSERT INTO PokemonLocation (PokeDex,LocationID) VALUES(13,6);

INSERT INTO PokemonLocation (PokeDex,LocationID) VALUES(13,12);

INSERT INTO PokemonLocation (PokeDex,LocationID) VALUES(13,13);

INSERT INTO PokemonLocation (PokeDex,LocationID) VALUES(14,5);

INSERT INTO PokemonLocation (PokeDex,LocationID) VALUES(14,6);

INSERT INTO PokemonLocation (PokeDex,LocationID) VALUES(14,12);

INSERT INTO PokemonLocation (PokeDex,LocationID) VALUES(14,13);

INSERT INTO PokemonLocation (PokeDex,LocationID) VALUES(16,3);

INSERT INTO PokemonLocation (PokeDex,LocationID) VALUES(16,5);

INSERT INTO PokemonLocation (PokeDex,LocationID) VALUES(16,8);

INSERT INTO PokemonLocation (PokeDex,LocationID) VALUES(16,10);

INSERT INTO PokemonLocation (PokeDex,LocationID) VALUES(16,15);

INSERT INTO PokemonLocation (PokeDex,LocationID) VALUES(16,18);

INSERT INTO PokemonLocation (PokeDex,LocationID) VALUES(16,53);

INSERT INTO PokemonLocation (PokeDex,LocationID) VALUES(16,48);

INSERT INTO PokemonLocation (PokeDex,LocationID) VALUES(16,27);

INSERT INTO PokemonLocation (PokeDex,LocationID) VALUES(16,28);

INSERT INTO PokemonLocation (PokeDex,LocationID) VALUES(16,29);

INSERT INTO PokemonLocation (PokeDex,LocationID) VALUES(16,30);

INSERT INTO PokemonLocation (PokeDex,LocationID) VALUES(16,40);

INSERT INTO PokemonLocation (PokeDex,LocationID) VALUES(16,12);

INSERT INTO PokemonLocation (PokeDex,LocationID) VALUES(16,13);

INSERT INTO PokemonLocation (PokeDex,LocationID) VALUES(17,29);

INSERT INTO PokemonLocation (PokeDex,LocationID) VALUES(17,30);

INSERT INTO PokemonLocation (PokeDex,LocationID) VALUES(17,40);

INSERT INTO PokemonLocation (PokeDex,LocationID) VALUES(19,3);

INSERT INTO PokemonLocation (PokeDex,LocationID) VALUES(19,5);

INSERT INTO PokemonLocation (PokeDex,LocationID) VALUES(19,10);

INSERT INTO PokemonLocation (PokeDex,LocationID) VALUES(19,21);

INSERT INTO PokemonLocation (PokeDex,LocationID) VALUES(19,50);

INSERT INTO PokemonLocation (PokeDex,LocationID) VALUES(19,40);

INSERT INTO PokemonLocation (PokeDex,LocationID) VALUES(19,41);

INSERT INTO PokemonLocation (PokeDex,LocationID) VALUES(20,50);

INSERT INTO PokemonLocation (PokeDex,LocationID) VALUES(20,51);

INSERT INTO PokemonLocation (PokeDex,LocationID) VALUES(20,33);

INSERT INTO PokemonLocation (PokeDex,LocationID) VALUES(20,40);

INSERT INTO PokemonLocation (PokeDex,LocationID) VALUES(21,8);

INSERT INTO PokemonLocation (PokeDex,LocationID) VALUES(21,10);

INSERT INTO PokemonLocation (PokeDex,LocationID) VALUES(21,21);

INSERT INTO PokemonLocation (PokeDex,LocationID) VALUES(21,23);

INSERT INTO PokemonLocation (PokeDex,LocationID) VALUES(21,26);

INSERT INTO PokemonLocation (PokeDex,LocationID) VALUES(21,50);

INSERT INTO PokemonLocation (PokeDex,LocationID) VALUES(21,51);

INSERT INTO PokemonLocation (PokeDex,LocationID) VALUES(21,33);

INSERT INTO PokemonLocation (PokeDex,LocationID) VALUES(21,41);

INSERT INTO PokemonLocation (PokeDex,LocationID) VALUES(21,42);

INSERT INTO PokemonLocation (PokeDex,LocationID) VALUES(22,51);

INSERT INTO PokemonLocation (PokeDex,LocationID) VALUES(22,33);

INSERT INTO PokemonLocation (PokeDex,LocationID) VALUES(22,42);

SELECT LocationID, LocationName
FROM Location
WHERE (LocationName Like '%Route%')
ORDER BY length(LocationName), LocationName ASC;

INSERT INTO PokemonLocation (PokeDex,LocationID) VALUES(23,10);

INSERT INTO PokemonLocation (PokeDex,LocationID) VALUES(23,48);

INSERT INTO PokemonLocation (PokeDex,LocationID) VALUES(23,21);

INSERT INTO PokemonLocation (PokeDex,LocationID) VALUES(23,23);

INSERT INTO PokemonLocation (PokeDex,LocationID) VALUES(23,26);

INSERT INTO PokemonLocation (PokeDex,LocationID) VALUES(23,42);

INSERT INTO PokemonLocation (PokeDex,LocationID) VALUES(24,42);

INSERT INTO PokemonLocation (PokeDex,LocationID) VALUES(24,46);

INSERT INTO PokemonLocation (PokeDex,LocationID) VALUES(25,6);

INSERT INTO PokemonLocation (PokeDex,LocationID) VALUES(25,45);

INSERT INTO PokemonLocation (PokeDex,LocationID) VALUES(26,46);
#Sandshre And Sandslash
INSERT INTO PokemonLocation (PokeDex,LocationID) VALUES(29,41);

INSERT INTO PokemonLocation (PokeDex,LocationID) VALUES(29,54);

INSERT INTO PokemonLocation (PokeDex,LocationID) VALUES(30,54);

INSERT INTO PokemonLocation (PokeDex,LocationID) VALUES(32,41);

INSERT INTO PokemonLocation (PokeDex,LocationID) VALUES(32,54);

INSERT INTO PokemonLocation (PokeDex,LocationID) VALUES(33,54);

INSERT INTO PokemonLocation (PokeDex,LocationID) VALUES(35,9);

#Vulpix and Ninetails

INSERT INTO PokemonLocation (PokeDex,LocationID) VALUES(39,8);

INSERT INTO PokemonLocation (PokeDex,LocationID) VALUES(40,46);

INSERT INTO PokemonLocation (PokeDex,LocationID) VALUES(41,9);

INSERT INTO PokemonLocation (PokeDex,LocationID) VALUES(41,22);

INSERT INTO PokemonLocation (PokeDex,LocationID) VALUES(41,36);

INSERT INTO PokemonLocation (PokeDex,LocationID) VALUES(41,43);

INSERT INTO PokemonLocation (PokeDex,LocationID) VALUES(42,46);

INSERT INTO PokemonLocation (PokeDex,LocationID) VALUES(42,36);

INSERT INTO PokemonLocation (PokeDex,LocationID) VALUES(42,43);

INSERT INTO PokemonLocation (PokeDex,LocationID) VALUES(42,43);

INSERT INTO PokemonLocation (PokeDex,LocationID) VALUES(43,15);

INSERT INTO PokemonLocation (PokeDex,LocationID) VALUES(43,18);

INSERT INTO PokemonLocation (PokeDex,LocationID) VALUES(43,53);

INSERT INTO PokemonLocation (PokeDex,LocationID) VALUES(43,27);

INSERT INTO PokemonLocation (PokeDex,LocationID) VALUES(43,28);

INSERT INTO PokemonLocation (PokeDex,LocationID) VALUES(43,29);

INSERT INTO PokemonLocation (PokeDex,LocationID) VALUES(43,30);

INSERT INTO PokemonLocation (PokeDex,LocationID) VALUES(43,12);

INSERT INTO PokemonLocation (PokeDex,LocationID) VALUES(43,13);

INSERT INTO PokemonLocation (PokeDex,LocationID) VALUES(44,27);

INSERT INTO PokemonLocation (PokeDex,LocationID) VALUES(44,28);

INSERT INTO PokemonLocation (PokeDex,LocationID) VALUES(44,29);

INSERT INTO PokemonLocation (PokeDex,LocationID) VALUES(44,30);

INSERT INTO PokemonLocation (PokeDex,LocationID) VALUES(46,9);

INSERT INTO PokemonLocation (PokeDex,LocationID) VALUES(46,54);

INSERT INTO PokemonLocation (PokeDex,LocationID) VALUES(47,46);

INSERT INTO PokemonLocation (PokeDex,LocationID) VALUES(47,54);

INSERT INTO PokemonLocation (PokeDex,LocationID) VALUES(48,27);

INSERT INTO PokemonLocation (PokeDex,LocationID) VALUES(48,28);

INSERT INTO PokemonLocation (PokeDex,LocationID) VALUES(48,29);

INSERT INTO PokemonLocation (PokeDex,LocationID) VALUES(48,30);

INSERT INTO PokemonLocation (PokeDex,LocationID) VALUES(48,54);

INSERT INTO PokemonLocation (PokeDex,LocationID) VALUES(49,46);

INSERT INTO PokemonLocation (PokeDex,LocationID) VALUES(49,43);

INSERT INTO PokemonLocation (PokeDex,LocationID) VALUES(49,54);

INSERT INTO PokemonLocation (PokeDex,LocationID) VALUES(50,55);

INSERT INTO PokemonLocation (PokeDex,LocationID) VALUES(51,55);

INSERT INTO PokemonLocation (PokeDex,LocationID) VALUES(51,55);

#Meowth and Persian

INSERT INTO PokemonLocation (PokeDex,LocationID) VALUES(54,36);

INSERT INTO PokemonLocation (PokeDex,LocationID) VALUES(54,54);

INSERT INTO PokemonLocation (PokeDex,LocationID) VALUES(54,12);

INSERT INTO PokemonLocation (PokeDex,LocationID) VALUES(54,13);

INSERT INTO PokemonLocation (PokeDex,LocationID) VALUES(55,36);

INSERT INTO PokemonLocation (PokeDex,LocationID) VALUES(56,15);

INSERT INTO PokemonLocation (PokeDex,LocationID) VALUES(56,18);

INSERT INTO PokemonLocation (PokeDex,LocationID) VALUES(56,53);

INSERT INTO PokemonLocation (PokeDex,LocationID) VALUES(56,48);

INSERT INTO PokemonLocation (PokeDex,LocationID) VALUES(58,53);

INSERT INTO PokemonLocation (PokeDex,LocationID) VALUES(58,48);

INSERT INTO PokemonLocation (PokeDex,LocationID) VALUES(60,18);

INSERT INTO PokemonLocation (PokeDex,LocationID) VALUES(60,23);

INSERT INTO PokemonLocation (PokeDex,LocationID) VALUES(60,26);

INSERT INTO PokemonLocation (PokeDex,LocationID) VALUES(60,27);

INSERT INTO PokemonLocation (PokeDex,LocationID) VALUES(60,28);

INSERT INTO PokemonLocation (PokeDex,LocationID) VALUES(60,51);

INSERT INTO PokemonLocation (PokeDex,LocationID) VALUES(60,33);

INSERT INTO PokemonLocation (PokeDex,LocationID) VALUES(60,34);

INSERT INTO PokemonLocation (PokeDex,LocationID) VALUES(60,35);

INSERT INTO PokemonLocation (PokeDex,LocationID) VALUES(60,40);

INSERT INTO PokemonLocation (PokeDex,LocationID) VALUES(60,41);

INSERT INTO PokemonLocation (PokeDex,LocationID) VALUES(60,42);

INSERT INTO PokemonLocation (PokeDex,LocationID) VALUES(60,12);

INSERT INTO PokemonLocation (PokeDex,LocationID) VALUES(60,13);

INSERT INTO PokemonLocation (PokeDex,LocationID) VALUES(60,2);

INSERT INTO PokemonLocation (PokeDex,LocationID) VALUES(60,4);

INSERT INTO PokemonLocation (PokeDex,LocationID) VALUES(60,16);

INSERT INTO PokemonLocation (PokeDex,LocationID) VALUES(60,47);

INSERT INTO PokemonLocation (PokeDex,LocationID) VALUES(60,31);

INSERT INTO PokemonLocation (PokeDex,LocationID) VALUES(60,37);

INSERT INTO PokemonLocation (PokeDex,LocationID) VALUES(60,46);

INSERT INTO PokemonLocation (PokeDex,LocationID) VALUES(60,54);

INSERT INTO PokemonLocation (PokeDex,LocationID) VALUES(60,36);

INSERT INTO PokemonLocation (PokeDex,LocationID) VALUES(61,23);

INSERT INTO PokemonLocation (PokeDex,LocationID) VALUES(61,47);

INSERT INTO PokemonLocation (PokeDex,LocationID) VALUES(63,12);

INSERT INTO PokemonLocation (PokeDex,LocationID) VALUES(63,13);

INSERT INTO PokemonLocation (PokeDex,LocationID) VALUES(64,46);

INSERT INTO PokemonLocation (PokeDex,LocationID) VALUES(66,22);

INSERT INTO PokemonLocation (PokeDex,LocationID) VALUES(66,43);

INSERT INTO PokemonLocation (PokeDex,LocationID) VALUES(67,43);

#Bellsprout, Weepinbell, Victrebell

INSERT INTO PokemonLocation (PokeDex,LocationID) VALUES(72,27);

INSERT INTO PokemonLocation (PokeDex,LocationID) VALUES(72,28);

INSERT INTO PokemonLocation (PokeDex,LocationID) VALUES(72,51);

INSERT INTO PokemonLocation (PokeDex,LocationID) VALUES(72,34);

INSERT INTO PokemonLocation (PokeDex,LocationID) VALUES(72,35);

INSERT INTO PokemonLocation (PokeDex,LocationID) VALUES(72,40);

INSERT INTO PokemonLocation (PokeDex,LocationID) VALUES(72,2);

INSERT INTO PokemonLocation (PokeDex,LocationID) VALUES(72,4);

INSERT INTO PokemonLocation (PokeDex,LocationID) VALUES(74,8);

INSERT INTO PokemonLocation (PokeDex,LocationID) VALUES(74,22);

INSERT INTO PokemonLocation (PokeDex,LocationID) VALUES(74,43);

INSERT INTO PokemonLocation (PokeDex,LocationID) VALUES(75,43);

INSERT INTO PokemonLocation (PokeDex,LocationID) VALUES(77,39);

INSERT INTO PokemonLocation (PokeDex,LocationID) VALUES(79,23);

INSERT INTO PokemonLocation (PokeDex,LocationID) VALUES(79,47);

INSERT INTO PokemonLocation (PokeDex,LocationID) VALUES(79,54);

INSERT INTO PokemonLocation (PokeDex,LocationID) VALUES(79,36);

INSERT INTO PokemonLocation (PokeDex,LocationID) VALUES(80,42);

INSERT INTO PokemonLocation (PokeDex,LocationID) VALUES(80,46);

INSERT INTO PokemonLocation (PokeDex,LocationID) VALUES(80,36);

INSERT INTO PokemonLocation (PokeDex,LocationID) VALUES(81,45);

INSERT INTO PokemonLocation (PokeDex,LocationID) VALUES(82,45);

INSERT INTO PokemonLocation (PokeDex,LocationID) VALUES(82,46);

INSERT INTO PokemonLocation (PokeDex,LocationID) VALUES(83,16);

INSERT INTO PokemonLocation (PokeDex,LocationID) VALUES(84,54);

INSERT INTO PokemonLocation (PokeDex,LocationID) VALUES(84,50);

INSERT INTO PokemonLocation (PokeDex,LocationID) VALUES(84,51);

INSERT INTO PokemonLocation (PokeDex,LocationID) VALUES(84,33);

INSERT INTO PokemonLocation (PokeDex,LocationID) VALUES(85,46);

INSERT INTO PokemonLocation (PokeDex,LocationID) VALUES(86,36);

INSERT INTO PokemonLocation (PokeDex,LocationID) VALUES(87,36);

INSERT INTO PokemonLocation (PokeDex,LocationID) VALUES(88,39);

INSERT INTO PokemonLocation (PokeDex,LocationID) VALUES(89,39);

INSERT INTO PokemonLocation (PokeDex,LocationID) VALUES(90,36);

INSERT INTO PokemonLocation (PokeDex,LocationID) VALUES(90,18);

INSERT INTO PokemonLocation (PokeDex,LocationID) VALUES(90,26);

INSERT INTO PokemonLocation (PokeDex,LocationID) VALUES(90,34);

INSERT INTO PokemonLocation (PokeDex,LocationID) VALUES(90,35);

INSERT INTO PokemonLocation (PokeDex,LocationID) VALUES(90,40);

INSERT INTO PokemonLocation (PokeDex,LocationID) VALUES(92,25);

INSERT INTO PokemonLocation (PokeDex,LocationID) VALUES(93,25);

INSERT INTO PokemonLocation (PokeDex,LocationID) VALUES(95,22);

INSERT INTO PokemonLocation (PokeDex,LocationID) VALUES(95,43);

INSERT INTO PokemonLocation (PokeDex,LocationID) VALUES(96,26);

INSERT INTO PokemonLocation (PokeDex,LocationID) VALUES(97,46);

INSERT INTO PokemonLocation (PokeDex,LocationID) VALUES(98,18);

INSERT INTO PokemonLocation (PokeDex,LocationID) VALUES(98,26);

INSERT INTO PokemonLocation (PokeDex,LocationID) VALUES(98,27);

INSERT INTO PokemonLocation (PokeDex,LocationID) VALUES(98,28);

INSERT INTO PokemonLocation (PokeDex,LocationID) VALUES(98,51);

INSERT INTO PokemonLocation (PokeDex,LocationID) VALUES(98,33);

INSERT INTO PokemonLocation (PokeDex,LocationID) VALUES(98,12);

INSERT INTO PokemonLocation (PokeDex,LocationID) VALUES(98,13);

INSERT INTO PokemonLocation (PokeDex,LocationID) VALUES(98,11);

INSERT INTO PokemonLocation (PokeDex,LocationID) VALUES(98,16);

INSERT INTO PokemonLocation (PokeDex,LocationID) VALUES(98,31);

INSERT INTO PokemonLocation (PokeDex,LocationID) VALUES(98,46);

INSERT INTO PokemonLocation (PokeDex,LocationID) VALUES(98,54);

INSERT INTO PokemonLocation (PokeDex,LocationID) VALUES(98,42);

INSERT INTO PokemonLocation (PokeDex,LocationID) VALUES(100,23);

INSERT INTO PokemonLocation (PokeDex,LocationID) VALUES(100,45);

INSERT INTO PokemonLocation (PokeDex,LocationID) VALUES(101,46);

INSERT INTO PokemonLocation (PokeDex,LocationID) VALUES(102,54);

INSERT INTO PokemonLocation (PokeDex,LocationID) VALUES(104,25);

INSERT INTO PokemonLocation (PokeDex,LocationID) VALUES(105,46);

INSERT INTO PokemonLocation (PokeDex,LocationID) VALUES(105,43);

INSERT INTO PokemonLocation (PokeDex,LocationID) VALUES(106,52);

INSERT INTO PokemonLocation (PokeDex,LocationID) VALUES(107,52);

INSERT INTO PokemonLocation (PokeDex,LocationID) VALUES(108,33);

INSERT INTO PokemonLocation (PokeDex,LocationID) VALUES(109,39);

INSERT INTO PokemonLocation (PokeDex,LocationID) VALUES(109,39);

INSERT INTO PokemonLocation (PokeDex,LocationID) VALUES(111,54);

INSERT INTO PokemonLocation (PokeDex,LocationID) VALUES(112,46);

INSERT INTO PokemonLocation (PokeDex,LocationID) VALUES(113,54);

INSERT INTO PokemonLocation (PokeDex,LocationID) VALUES(113,46);

INSERT INTO PokemonLocation (PokeDex,LocationID) VALUES(114,40);

INSERT INTO PokemonLocation (PokeDex,LocationID) VALUES(115,54);

INSERT INTO PokemonLocation (PokeDex,LocationID) VALUES(116,34);

INSERT INTO PokemonLocation (PokeDex,LocationID) VALUES(116,35);

INSERT INTO PokemonLocation (PokeDex,LocationID) VALUES(116,40);

INSERT INTO PokemonLocation (PokeDex,LocationID) VALUES(116,36);

INSERT INTO PokemonLocation (PokeDex,LocationID) VALUES(117,42);

INSERT INTO PokemonLocation (PokeDex,LocationID) VALUES(117,46);

INSERT INTO PokemonLocation (PokeDex,LocationID) VALUES(117,36);

INSERT INTO PokemonLocation (PokeDex,LocationID) VALUES(118,18);

INSERT INTO PokemonLocation (PokeDex,LocationID) VALUES(118,23);

INSERT INTO PokemonLocation (PokeDex,LocationID) VALUES(118,26);

INSERT INTO PokemonLocation (PokeDex,LocationID) VALUES(118,27);

INSERT INTO PokemonLocation (PokeDex,LocationID) VALUES(118,28);

INSERT INTO PokemonLocation (PokeDex,LocationID) VALUES(118,51);

INSERT INTO PokemonLocation (PokeDex,LocationID) VALUES(118,33);

INSERT INTO PokemonLocation (PokeDex,LocationID) VALUES(118,34);

INSERT INTO PokemonLocation (PokeDex,LocationID) VALUES(118,35);

INSERT INTO PokemonLocation (PokeDex,LocationID) VALUES(118,40);

INSERT INTO PokemonLocation (PokeDex,LocationID) VALUES(118,41);

INSERT INTO PokemonLocation (PokeDex,LocationID) VALUES(118,42);

INSERT INTO PokemonLocation (PokeDex,LocationID) VALUES(118,12);

INSERT INTO PokemonLocation (PokeDex,LocationID) VALUES(118,13);

INSERT INTO PokemonLocation (PokeDex,LocationID) VALUES(118,2);

INSERT INTO PokemonLocation (PokeDex,LocationID) VALUES(118,4);

INSERT INTO PokemonLocation (PokeDex,LocationID) VALUES(118,11);

INSERT INTO PokemonLocation (PokeDex,LocationID) VALUES(118,16);

INSERT INTO PokemonLocation (PokeDex,LocationID) VALUES(118,47);

INSERT INTO PokemonLocation (PokeDex,LocationID) VALUES(118,31);

INSERT INTO PokemonLocation (PokeDex,LocationID) VALUES(118,37);

INSERT INTO PokemonLocation (PokeDex,LocationID) VALUES(118,46);

INSERT INTO PokemonLocation (PokeDex,LocationID) VALUES(118,54);

INSERT INTO PokemonLocation (PokeDex,LocationID) VALUES(118,36);

INSERT INTO PokemonLocation (PokeDex,LocationID) VALUES(119,42);

INSERT INTO PokemonLocation (PokeDex,LocationID) VALUES(119,31);

INSERT INTO PokemonLocation (PokeDex,LocationID) VALUES(119,46);

INSERT INTO PokemonLocation (PokeDex,LocationID) VALUES(120,34);

INSERT INTO PokemonLocation (PokeDex,LocationID) VALUES(120,35);

INSERT INTO PokemonLocation (PokeDex,LocationID) VALUES(120,40);

INSERT INTO PokemonLocation (PokeDex,LocationID) VALUES(120,36);

INSERT INTO PokemonLocation (PokeDex,LocationID) VALUES(120,37);

INSERT INTO PokemonLocation (PokeDex,LocationID) VALUES(122,5);

INSERT INTO PokemonLocation (PokeDex,LocationID) VALUES(123,54);

INSERT INTO PokemonLocation (PokeDex,LocationID) VALUES(124,11);

INSERT INTO PokemonLocation (PokeDex,LocationID) VALUES(125,45);

#Magmar

#Pinsir

INSERT INTO PokemonLocation (PokeDex,LocationID) VALUES(128,54);

#Magikarp can be found in all bodies of water in the game, all you need is a super rod

INSERT INTO PokemonLocation (PokeDex,LocationID) VALUES(131,20);

INSERT INTO PokemonLocation (PokeDex,LocationID) VALUES(132,28);

INSERT INTO PokemonLocation (PokeDex,LocationID) VALUES(132,29);

INSERT INTO PokemonLocation (PokeDex,LocationID) VALUES(132,30);

INSERT INTO PokemonLocation (PokeDex,LocationID) VALUES(132,42);

INSERT INTO PokemonLocation (PokeDex,LocationID) VALUES(132,46);

INSERT INTO PokemonLocation (PokeDex,LocationID) VALUES(133,47);

INSERT INTO PokemonLocation (PokeDex,LocationID) VALUES(137,47);

INSERT INTO PokemonLocation (PokeDex,LocationID) VALUES(138,37);

INSERT INTO PokemonLocation (PokeDex,LocationID) VALUES(140,37);

INSERT INTO PokemonLocation (PokeDex,LocationID) VALUES(142,37);

INSERT INTO PokemonLocation (PokeDex,LocationID) VALUES(143,27);

INSERT INTO PokemonLocation (PokeDex,LocationID) VALUES(143,50);

INSERT INTO PokemonLocation (PokeDex,LocationID) VALUES(144,36);

INSERT INTO PokemonLocation (PokeDex,LocationID) VALUES(145,45);

INSERT INTO PokemonLocation (PokeDex,LocationID) VALUES(146,43);

INSERT INTO PokemonLocation (PokeDex,LocationID) VALUES(147,54);

INSERT INTO PokemonLocation (PokeDex,LocationID) VALUES(150,46);

#Mew is only obtainable by glitch